name,address,domain,website,phone_number,whatsapp_link,category,location,reviews_count,reviews_average,latitude,longitude,status
Apolar Imóveis São José dos Pinhais Centro,"R. Voluntários da Pátria, 170 - Centro, São José dos Pinhais - PR, 83005-020",apolar.com.br,https://www.apolar.com.br,(41) 3283-3300,https://wa.me/554132833300,Imobiliária,"Centro, São José dos Pinhais",219,4.2,-25.5340709,-49.2230248,1
Ribeiro Imóveis,"Van Gogh Office - R. Joaquim Nabuco, 2197 - 2º andar - Centro, São José dos Pinhais - PR, 83005-160",ribeiroimoveis.com.br,https://www.ribeiroimoveis.com.br,(41) 3035-0404,https://wa.me/554130350404,Imobiliária,"Centro, São José dos Pinhais",440,3.9,-25.5387052,-49.2412489,1
Maia Imóveis,"Av. Rui Barbosa, 9761 - Centro, São José dos Pinhais - PR, 83005-340",maiaimoveissjp.com.br,https://www.maiaimoveissjp.com.br,(41) 3383-0404,https://wa.me/554133830404,Imobiliária,"Centro, São José dos Pinhais",34,4.3,-25.5387052,-49.2412489,1
Alegria Imobiliária,"R. Apucarana, 222 - Cruzeiro, São José dos Pinhais - PR, 83010-050",alegriaimobiliaria.com.br,https://www.alegriaimobiliaria.com.br,(41) 3383-7447,https://wa.me/554133837447,Imobiliária,"Centro, São José dos Pinhais",280,4.8,-25.5387052,-49.2412489,1
FG IMOVEIS,"Av. Rui Barbosa, 9500 - galeria Loja 07 - Centro, São José dos Pinhais - PR, 83005-340",fgimoveis.imb.br,https://www.fgimoveis.imb.br,(41) 99725-7810,https://wa.me/5541997257810,Imobiliária,"Centro, São José dos Pinhais",70,4.8,-25.5387052,-49.2412489,1
Imobiliárias CW Corretor de Imóveis,"Rua Veríssimo Marquês 1022 (Esquina com a Joaquim Nabuco - Centro, São José dos Pinhais - PR, 83005-150",cwimoveis.com.br,https://www.cwimoveis.com.br,(41) 3058-1558,https://wa.me/554130581558,Imobiliária,"Centro, São José dos Pinhais",168,3.2,-25.5387052,-49.2412489,1
Venturi Imóveis,"R. XV de Novembro, 911 - Centro, São José dos Pinhais - PR, 83030-480",venturiimoveis.com.br,https://www.venturiimoveis.com.br,(41) 3382-7000,https://wa.me/554133827000,Imobiliária,"Centro, São José dos Pinhais",165,4.2,-25.5387052,-49.2412489,1
Toniolo Estate Broker,"R. Ten. Djalma Dutra, 1115 - Sala 08 - Centro, São José dos Pinhais - PR, 83005-360",imoveistoniolo.com.br,https://www.imoveistoniolo.com.br,(41) 3382-0851,https://wa.me/554133820851,Imobiliária,"Centro, São José dos Pinhais",140,4.7,-25.5387052,-49.2412489,1
Apolar Afonso Pena - Imobiliaria em São José dos Pinhais,"R. Harry Feeken, 1232 - Loja 02 - Afonso Pena, São José dos Pinhais - PR, 83040-000",apolar.com.br,https://www.apolar.com.br,(41) 3283-3374,https://wa.me/554132833374,Imobiliária,"Centro, São José dos Pinhais",37,4.6,-25.5387052,-49.2412489,1
WN Imóveis SJP,"Tv. Brasil, 118 - Centro, São José dos Pinhais - PR, 83005-330",wnimoveissjp.com.br,https://www.wnimoveissjp.com.br,(41) 99179-0808,https://wa.me/5541991790808,Imobiliária,"Centro, São José dos Pinhais",88,5.0,-25.5387052,-49.2412489,1
Idelcio Corretora de Seguros e Imóveis,"R. Colombo, 1867 - Centro, São José dos Pinhais - PR, 83005-400",idelcioimoveis.com.br,https://www.idelcioimoveis.com.br,(41) 3398-3007,https://wa.me/554133983007,Imobiliária,"Centro, São José dos Pinhais",107,3.9,-25.5387052,-49.2412489,1
Revelação Imóveis - Imobiliária em São José dos Pinhais,"R. João Ernesto Kilian, 568 - Silveira da Motta, São José dos Pinhais - PR, 83030-000",imobiliariarevelacao.com.br,https://www.imobiliariarevelacao.com.br,(41) 3383-5050,https://wa.me/554133835050,Imobiliária,"Centro, São José dos Pinhais",16,4.0,-25.5387052,-49.2412489,1
Sorelle Imobiliária,"R. Gen. Catão Mena Barreto Monclaro, 611 - Centro, São José dos Pinhais - PR, 83005-510",sorelleimoveis.com.br,https://www.sorelleimoveis.com.br,,,Imobiliária,"Centro, São José dos Pinhais",30,4.3,-25.5387052,-49.2412489,1
FLORIANNO IMÓVEIS :Imobiliária em São José dos Pinhais-PR,"R. Ten. Djalma Dutra, 1999 - Centro, São José dos Pinhais - PR, 83005-360",floriannoimoveis.com.br,https://www.floriannoimoveis.com.br,(41) 99638-1073,https://wa.me/5541996381073,Imobiliária,"Centro, São José dos Pinhais",8,5.0,-25.5387052,-49.2412489,1
Moralta Imoveis,"R. Marcelino Nogueira, 497 - Centro, São José dos Pinhais - PR, 83005-370",moraltaimoveis.com.br,https://www.moraltaimoveis.com.br,(41) 3586-2502,https://wa.me/554135862502,Imobiliária,"Centro, São José dos Pinhais",75,4.9,-25.5387052,-49.2412489,1
Locatelle Imóveis,"R. Visc. do Rio Branco, 1720 - Centro, São José dos Pinhais - PR, 83005-420",locatelleimoveis.com.br,https://www.locatelleimoveis.com.br,(41) 99852-1212,https://wa.me/5541998521212,Imobiliária,"Centro, São José dos Pinhais",51,4.8,-25.5387052,-49.2412489,1
Agisa Imóveis,"R. Alcídio Viana, 916 - Centro, São José dos Pinhais - PR, 83005-560",agisaimoveis.com.br,https://www.agisaimoveis.com.br,(41) 99966-5140,https://wa.me/5541999665140,Imobiliária,"Centro, São José dos Pinhais",67,4.9,-25.5387052,-49.2412489,1
LD7 Imóveis - Imobiliária São José dos Pinhais,"R. Margarida de Araújo Franco, 1025 - Centro, São José dos Pinhais - PR, 83005-070",ld7imoveis.com.br,https://www.ld7imoveis.com.br,(41) 3501-0663,https://wa.me/554135010663,Imobiliária,"Centro, São José dos Pinhais",45,5.0,-25.5387052,-49.2412489,1
Marcco Imóveis,"Rua Capitão. Benjamim Claudino Ferreira, 1680 - Centro, São José dos Pinhais - PR, 83005-390",marccoimoveis.com.br,https://www.marccoimoveis.com.br,(41) 3035-1010,https://wa.me/554130351010,Imobiliária,"Centro, São José dos Pinhais",47,4.2,-25.5387052,-49.2412489,1
Beneville Imóveis,"Av. Rui Barbosa, 8706 - Sala 04 - Centro, São José dos Pinhais - PR, 83005-340",beneville.com.br,https://www.beneville.com.br,(41) 3035-6060,https://wa.me/554130356060,Imobiliária,"Centro, São José dos Pinhais",29,4.8,-25.5387052,-49.2412489,1
Notorious Home Imobiliária,"R. Barão do Cerro Azul, 952 - Centro, São José dos Pinhais - PR, 83005-430",notorioushome.com.br,https://www.notorioushome.com.br,(41) 92001-3521,https://wa.me/5541920013521,Imobiliária,"Centro, São José dos Pinhais",47,5.0,-25.5387052,-49.2412489,1
Monica Carvalho Corretora de Imóveis,"Praça Oito de Janeiro, 1431 - Centro, São José dos Pinhais - PR, 83005-160",mcarvalhoimoveis.com.br,https://www.mcarvalhoimoveis.com.br,(41) 3556-1907,https://wa.me/554135561907,Imobiliária,"Centro, São José dos Pinhais",35,4.6,-25.5387052,-49.2412489,1
JBA Imóveis Vendas - São José dos Pinhais,"Rua Dona Izabel A Redentora, 2004 - Centro, São José dos Pinhais - PR, 83005-010",jbaimoveis.com.br,https://www.jbaimoveis.com.br,(41) 3995-2582,https://wa.me/554139952582,Imobiliária,"Centro, São José dos Pinhais",24,4.6,-25.5387052,-49.2412489,1
FAN IMOBILIÁRIA,"R. Visc. do Rio Branco, 1601 - Sobreloja - Centro, São José dos Pinhais - PR, 83005-420",fanimoveis.com.br,https://www.fanimoveis.com.br,(41) 99544-4026,https://wa.me/5541995444026,Imobiliária,"Centro, São José dos Pinhais",52,5.0,-25.5387052,-49.2412489,1
W&V Imóveis,"R. Barão do Cerro Azul, 1484 - Sala 22 - Centro, São José dos Pinhais - PR, 83005-430",imoveiswv.com.br,https://www.imoveiswv.com.br,(41) 98766-8085,https://wa.me/5541987668085,Imobiliária,"Centro, São José dos Pinhais",55,5.0,-25.5387052,-49.2412489,1
Contato Imóveis,"R. Mal. Deodoro da Fonseca, 515 - Centro, São José dos Pinhais - PR, 83005-350",imobiliariacontato.com.br,https://www.imobiliariacontato.com.br,(41) 3035-3507,https://wa.me/554130353507,Imobiliária,"Centro, São José dos Pinhais",36,4.0,-25.5387052,-49.2412489,1
Neu Nunes Corretora de Imóveis,"R. Joaquim Nabuco, 2064 - Bloco 02 Sala 01 - Centro, São José dos Pinhais - PR, 83005-160",neununescorretoradeimoveis.com.br,https://www.neununescorretoradeimoveis.com.br,(41) 3534-7208,https://wa.me/554135347208,Imobiliária,"Centro, São José dos Pinhais",37,4.8,-25.5387052,-49.2412489,1
Airbnb São José dos Pinhais,"R. Aristídes França, 877 - Centro, São José dos Pinhais - PR, 83035-170",,,(41) 99774-3772,https://wa.me/5541997743772,Imobiliária,"Centro, São José dos Pinhais",15,4.7,-25.5387052,-49.2412489,1
Azem Imoveis,"Rua Professor - R. Jorge Mansos do Nascimento Teixeira, 960 - São Pedro, São José dos Pinhais - PR, 83005-500",azemimoveis.com.br,https://www.azemimoveis.com.br,(41) 99886-9602,https://wa.me/5541998869602,Imobiliária,"Centro, São José dos Pinhais",105,4.5,-25.5387052,-49.2412489,1
Terrazzo Imóveis,"R. XV de Novembro, 2175 - Sala 07 - Centro, São José dos Pinhais - PR, 83005-000",terrazzoimoveis.com,https://www.terrazzoimoveis.com,(41) 3081-3150,https://wa.me/554130813150,Imobiliária,"Centro, São José dos Pinhais",119,4.6,-25.5387052,-49.2412489,1
Real estate Wan Dall,"R. Joaquim Nabuco, 528 - Centro, São José dos Pinhais - PR, 83040-210",wandall.com.br,https://www.wandall.com.br,(41) 3035-7777,https://wa.me/554130357777,Imobiliária,"Centro, São José dos Pinhais",42,4.7,-25.5387052,-49.2412489,1
Dosanjos Imoveis,"R. Mal. Deodoro da Fonseca, 924 - Centro, São José dos Pinhais - PR, 83005-350",dosanjosimoveis.com.br,https://www.dosanjosimoveis.com.br,(41) 3146-3223,https://wa.me/554131463223,Imobiliária,"Centro, São José dos Pinhais",15,3.6,-25.5387052,-49.2412489,1
Lar Real Imóveis,"R. Norberto de Brito, 1304 - Centro, São José dos Pinhais - PR, 83005-290",larrealimoveis.com,https://www.larrealimoveis.com,(41) 3385-8547,https://wa.me/554133858547,Imobiliária,"Centro, São José dos Pinhais",40,5.0,-25.5387052,-49.2412489,1
Corteze Imóveis,"Av. Rui Barbosa, 9305 - Centro, São José dos Pinhais - PR, 83005-340",cortezeimoveis.com.br,https://www.cortezeimoveis.com.br,(41) 3383-1111,https://wa.me/554133831111,Imobiliária,"Centro, São José dos Pinhais",309,4.7,-25.5387052,-49.2412489,1
Sueli Fernandes Real Estate Advisory,"R. Jorge Mansos do Nascimento Teixeira, 419 - São Pedro, São José dos Pinhais - PR, 83005-500",suelifernandes.com,https://www.suelifernandes.com,(41) 3035-2100,https://wa.me/554130352100,Imobiliária,"Centro, São José dos Pinhais",82,4.0,-25.5387052,-49.2412489,1
Mudeiii Assessoria Imobiliária,"R. Cel. João José Massaneiro, 203 - Tres Marias, São José dos Pinhais - PR, 83005-220",mudeiii.com.br,https://www.mudeiii.com.br,(41) 3542-4848,https://wa.me/554135424848,Imobiliária,"Centro, São José dos Pinhais",26,5.0,-25.5387052,-49.2412489,1
Excelencia Premium Praia Imóveis Negócios Imobiliários São José dos Pinhais,"R. Cel. Quadros, 826 - Centro, São José dos Pinhais - PR, 83035-390",excelenciapremium.com.br,https://www.excelenciapremium.com.br,(41) 99786-0007,https://wa.me/5541997860007,Imobiliária,"Centro, São José dos Pinhais",2,5.0,-25.5387052,-49.2412489,1
Viviane Correia Corretora de Imóveis Sjp São José dos Pinhais,"R. Mal. Deodoro da Fonseca, 76 - Centro, São José dos Pinhais - PR, 83005-350",correiaimoveissjp.com.br,https://www.correiaimoveissjp.com.br,(41) 99703-5942,https://wa.me/5541997035942,Imobiliária,"Centro, São José dos Pinhais",4,5.0,-25.5387052,-49.2412489,1
Full House Imobiliária,"R. Visc. do Rio Branco, 1604 - Centro, São José dos Pinhais - PR, 83005-420",fullhouseimobiliaria.com.br,https://www.fullhouseimobiliaria.com.br,(41) 99833-2564,https://wa.me/5541998332564,Imobiliária,"Centro, São José dos Pinhais",6,5.0,-25.5387052,-49.2412489,1
Trade Center Imóveis,"R. Marcelino Nogueira, 281 - Centro, São José dos Pinhais - PR, 83005-370",tradecenterimoveis.com.br,https://www.tradecenterimoveis.com.br,(41) 99636-7606,https://wa.me/5541996367606,Imobiliária,"Centro, São José dos Pinhais",26,5.0,-25.5387052,-49.2412489,1
Samuel Imóveis,"R. Veríssimo Marques, 1096 - Sala 16 - Centro, São José dos Pinhais - PR, 83005-410",samuelimoveis.imb.br,https://www.samuelimoveis.imb.br,(41) 99151-9807,https://wa.me/5541991519807,Imobiliária,"Centro, São José dos Pinhais",30,4.4,-25.5387052,-49.2412489,1
Conqui Imóveis,"R. Alcídio Viana, 916 - sala 903 - São Pedro, São José dos Pinhais - PR, 83005-560",conquiimoveis.com.br,https://www.conquiimoveis.com.br,(41) 3147-1210,https://wa.me/554131471210,Imobiliária,"Centro, São José dos Pinhais",17,5.0,-25.5387052,-49.2412489,1
Sohnati Imóveis,"R. Joinville, 2508 - SALA 1 - Braga, São José dos Pinhais - PR, 83005-350",sohnati.com.br,https://www.sohnati.com.br,(41) 3035-2059,https://wa.me/554130352059,Imobiliária,"Centro, São José dos Pinhais",15,4.9,-25.5387052,-49.2412489,1
Terrazza Imóveis,"R. Margarida de Araújo Franco, 1964 - Carioca, São José dos Pinhais - PR, 83005-070",terrazzaimoveis.imb.br,https://www.terrazzaimoveis.imb.br,(41) 98485-4280,https://wa.me/5541984854280,Imobiliária,"Centro, São José dos Pinhais",18,5.0,-25.5387052,-49.2412489,1
Clarice Imóveis Ltda.,"Rua Dona Izabel A Redentora, 2356 - Sala 66 - Centro, São José dos Pinhais - PR, 83005-010",clariceimoveis.com.br,https://www.clariceimoveis.com.br,(41) 99998-5359,https://wa.me/5541999985359,Imobiliária,"Centro, São José dos Pinhais",15,4.5,-25.5387052,-49.2412489,1
Proença consultoria imobiliária,"R. Jorge Mansos do Nascimento Teixeira, 500 - Centro, São José dos Pinhais - PR, 83005-560",imoveisproenca.com.br,https://www.imoveisproenca.com.br,(41) 99818-2520,https://wa.me/5541998182520,Imobiliária,"Centro, São José dos Pinhais",15,4.7,-25.5387052,-49.2412489,1
Sirlei Trevizan - Corretora de Imóveis,"R. Ten. Djalma Dutra - Centro, São José dos Pinhais - PR, 83005-360",strevizanimoveis.com.br,https://www.strevizanimoveis.com.br,(41) 99906-6368,https://wa.me/5541999066368,Imobiliária,"Centro, São José dos Pinhais",2,5.0,-25.5387052,-49.2412489,1
Valle Assessoria Imobiliária,"R. Veríssimo Marques, 767 - Centro, São José dos Pinhais - PR, 83005-410",imobiliariavalle.com.br,https://www.imobiliariavalle.com.br,(41) 3283-5777,https://wa.me/554132835777,Imobiliária,"Centro, São José dos Pinhais",14,4.2,-25.5387052,-49.2412489,1
Inovati Imoveis,"R. Visc. do Rio Branco, 2825 - Centro, São José dos Pinhais - PR, 83005-420",inovatiimoveis.com,https://www.inovatiimoveis.com,(41) 3619-6970,https://wa.me/554136196970,Imobiliária,"Centro, São José dos Pinhais",3,4.0,-25.5387052,-49.2412489,1
J. Dissenha,"R. Ten. Djalma Dutra, 915 - Centro, São José dos Pinhais - PR, 83005-360",,,(41) 3028-2030,https://wa.me/554130282030,Imobiliária,"Centro, São José dos Pinhais",19,4.8,-25.5387052,-49.2412489,1
EDILIAN OLIVEIRA CORRETOR DE IMOVEIS,"R. Cap. Tobias Pereira da Cruz, 1749 - sala 12 - Centro, São José dos Pinhais - PR, 83005-050",corretoredilianoliveira.com.br,https://www.corretoredilianoliveira.com.br,(41) 98501-1722,https://wa.me/5541985011722,Imobiliária,"Centro, São José dos Pinhais",2,5.0,-25.5387052,-49.2412489,1
Innova Imoveis,"R. Barão do Cerro Azul, 1075 - Carioca, São José dos Pinhais - PR, 83005-430",innovaimoveis.com,https://www.innovaimoveis.com,(41) 3035-1692,https://wa.me/554130351692,Imobiliária,"Centro, São José dos Pinhais",3,5.0,-25.5387052,-49.2412489,1
Haas Assessoria Imobiliária,"R. Dr. Manoel Ribeiro de Campos, 716 - Centro, São José dos Pinhais - PR, 83005-310",haasimoveis.com.br,https://www.haasimoveis.com.br,(41) 3282-8100,https://wa.me/554132828100,Imobiliária,"Centro, São José dos Pinhais",52,3.8,-25.5387052,-49.2412489,1
Massaneiro Corretor de Imóveis,"Rua Dona Izabel A Redentora - Centro, São José dos Pinhais - PR, 83005-010",massaneirocorretordeimovel.com.br,https://www.massaneirocorretordeimovel.com.br,(41) 99909-8669,https://wa.me/5541999098669,Imobiliária,"Centro, São José dos Pinhais",23,5.0,-25.5387052,-49.2412489,1
São José Imóveis PR,"Rua Dona Izabel A Redentora, 1050 - Silveira da Motta, São José dos Pinhais - PR, 83030-500",,,(41) 3282-9955,https://wa.me/554132829955,Imobiliária,"Centro, São José dos Pinhais",1,5.0,-25.5387052,-49.2412489,1
Imobiliária Herbert Rocha,"R. Voluntários da Pátria, 1269 - sala 701 - Centro, São José dos Pinhais - PR, 83005-020",imobiliariaherbertrocha.com.br,https://www.imobiliariaherbertrocha.com.br,(41) 3534-5298,https://wa.me/554135345298,Imobiliária,"Centro, São José dos Pinhais",72,4.9,-25.5387052,-49.2412489,1
VIVER BEM IMÓVEIS,"R. Marcelino Nogueira, 468 - Centro, São José dos Pinhais - PR, 83005-370",viverbemimoveis.com,https://www.viverbemimoveis.com,(41) 3556-0590,https://wa.me/554135560590,Imobiliária,"Centro, São José dos Pinhais",6,1.5,-25.5387052,-49.2412489,1
R5 Incorporadora,"R. Gen. Catão Mena Barreto Monclaro, 611 - Centro, São José dos Pinhais - PR, 83005-510",r5incorporadora.com.br,https://www.r5incorporadora.com.br,(41) 99707-0809,https://wa.me/5541997070809,Imobiliária,"Centro, São José dos Pinhais",46,5.0,-25.5387052,-49.2412489,1
Contato Assessoria Imobiliária,"R. Mal. Deodoro da Fonseca, 1452 - Centro, São José dos Pinhais - PR, 83005-350",imobiliariacontato.com.br,https://www.imobiliariacontato.com.br,(41) 3283-1667,https://wa.me/554132831667,Imobiliária,"Centro, São José dos Pinhais",2,5.0,-25.5387052,-49.2412489,1
Palazzin Imóveis,"R. Dr. Jayme França, 67 - sala 02 - São Cristóvão, São José dos Pinhais - PR, 83005-260",palazzinimoveis.com.br,https://www.palazzinimoveis.com.br,(41) 99670-2848,https://wa.me/5541996702848,Imobiliária,"Centro, São José dos Pinhais",49,4.1,-25.5387052,-49.2412489,1
Cavalcanti Private Brokers,"R. Joinville, 2280 - São Pedro, São José dos Pinhais - PR, 83005-070",cavalcantimoveis.com.br,https://www.cavalcantimoveis.com.br,(41) 3058-1155,https://wa.me/554130581155,Imobiliária,"Centro, São José dos Pinhais",38,4.5,-25.5387052,-49.2412489,1
Digner Imóveis,"R. Gen. Catão Mena Barreto Monclaro, 651 - São Pedro, São José dos Pinhais - PR, 15091-745",,,(41) 3058-3303,https://wa.me/554130583303,Imobiliária,"Centro, São José dos Pinhais",2,5.0,-25.5387052,-49.2412489,1
Terreno Central São José dos Pinhais,"Av. Rui Barbosa - Boneca do Iguaçu, São José dos Pinhais - PR, 83005-340",,,(41) 3035-6853,https://wa.me/554130356853,Imobiliária,"Centro, São José dos Pinhais",,,-25.5387052,-49.2412489,1
Nova Curitiba Imóveis,"R. Marcelino Nogueira, 580 - Sala 09 - Centro, São José dos Pinhais - PR, 83005-370",novacuritibaimoveis.com.br,https://www.novacuritibaimoveis.com.br,(41) 99510-0776,https://wa.me/5541995100776,Imobiliária,"Centro, São José dos Pinhais",18,4.1,-25.5387052,-49.2412489,1
New Imóveis,"Conjunto Comercial Brey - R. Joinville, 2830 - Sala 09 - São Pedro, São José dos Pinhais - PR, 83005-550",newimoveispr.com.br,https://www.newimoveispr.com.br,(41) 99664-1012,https://wa.me/5541996641012,Imobiliária,"Centro, São José dos Pinhais",16,4.8,-25.5387052,-49.2412489,1
Urbanizzi Imóveis,"R. XV de Novembro, 2737 - Centro, São José dos Pinhais - PR, 83005-000",urbanizziimoveis.com.br,https://www.urbanizziimoveis.com.br,(41) 99710-9617,https://wa.me/5541997109617,Imobiliária,"Centro, São José dos Pinhais",45,4.4,-25.5387052,-49.2412489,1
Melo Corretores de Imóveis,"R. Cel. João José Massaneiro, 84 - Centro, São José dos Pinhais - PR, 83005-220",,,(41) 3035-5155,https://wa.me/554130355155,Imobiliária,"Centro, São José dos Pinhais",1,5.0,-25.5387052,-49.2412489,1
Beneditho Assessoria Imobiliária,"CEP: - R. Joinville, 2074 - n° 2074 - São Pedro, São José dos Pinhais - PR, 83005-550",benedithoimoveis.com.br,https://www.benedithoimoveis.com.br,(41) 3382-7966,https://wa.me/554133827966,Imobiliária,"Centro, São José dos Pinhais",16,3.8,-25.5387052,-49.2412489,1
Inovação Euros Imóveis,"R. Mal. Deodoro da Fonseca, 405 - Centro, São José dos Pinhais - PR, 83005-350",inovacaoeurosimoveis.com.br,https://www.inovacaoeurosimoveis.com.br,(41) 99853-0917,https://wa.me/5541998530917,Imobiliária,"Centro, São José dos Pinhais",2,5.0,-25.5387052,-49.2412489,1
Condominio Mozart,"R. Mal. Deodoro da Fonseca, 975 - Centro, São José dos Pinhais - PR, 83005-350",,,,,Imobiliária,"Centro, São José dos Pinhais",1,5.0,-25.5387052,-49.2412489,1
JCSIMOVEIS,"R. Cel. João José Massaneiro, 206 - Centro, São José dos Pinhais - PR, 83005-220",jcsimoveis.com,https://www.jcsimoveis.com,(41) 99974-6710,https://wa.me/5541999746710,Imobiliária,"Centro, São José dos Pinhais",1,5.0,-25.5387052,-49.2412489,1
Giembra Imóveis,"R. Mendes Leitão, 3036 - Centro, São José dos Pinhais - PR, 83005-150",giembraimoveis.com.br,https://www.giembraimoveis.com.br,(41) 3024-1220,https://wa.me/554130241220,Imobiliária,"Centro, São José dos Pinhais",8,4.5,-25.5387052,-49.2412489,1
Imóveis Alto Padrão Curitiba - Alessandra Tomsons Iwankiw,"R. Veríssimo Marques, 1245 - Centro, São José dos Pinhais - PR, 83005-410",instagram.com,https://www.instagram.com,(41) 99132-5200,https://wa.me/5541991325200,Imobiliária,"Centro, São José dos Pinhais",10,5.0,-25.5387052,-49.2412489,1
Prysi Gestão Imobiliaria Ltda,"Edifício Loewen, Rua Dona Izabel A Redentora, 2356 - Térreo - Centro, São José dos Pinhais - PR, 83005-010",prysigestaoimobiliaria.com.br,https://www.prysigestaoimobiliaria.com.br,(41) 99993-9986,https://wa.me/5541999939986,Imobiliária,"Centro, São José dos Pinhais",12,5.0,-25.5387052,-49.2412489,1
Campo Bravo Negócios Imobiliarios,"Rua Dona Izabel A Redentora, 2356 - Sala 51 - Centro, São José dos Pinhais - PR, 83005-110",campobravo.com.br,https://www.campobravo.com.br,(41) 99285-6790,https://wa.me/5541992856790,Imobiliária,"Centro, São José dos Pinhais",27,5.0,-25.5387052,-49.2412489,1
Broker Center Imóveis,"R. Castro, 185 - Cruzeiro, São José dos Pinhais - PR, 83010-080",brokercenter.com.br,https://www.brokercenter.com.br,(41) 99879-3617,https://wa.me/5541998793617,Imobiliária,"Centro, São José dos Pinhais",3,5.0,-25.5387052,-49.2412489,1
WDUTRAIMOVEIS Curitiba e Região | Imóveis São José dos Pinhais,"R. Dênis Diderot, 101 - Aristocrata, São José dos Pinhais - PR, 83030-240",,,(41) 99274-7299,https://wa.me/5541992747299,Imobiliária,"Centro, São José dos Pinhais",2,3.5,-25.5387052,-49.2412489,1
Bortolini imobiliária,"Rua Capitão Tobias Pereira 1573 - Centro, São José dos Pinhais - PR, 83005-050",bortoliniimobiliaria.com.br,https://www.bortoliniimobiliaria.com.br,(41) 98893-5800,https://wa.me/5541988935800,Imobiliária,"Centro, São José dos Pinhais",15,4.9,-25.5387052,-49.2412489,1
C Silva Imóveis,"R. João Ângelo Cordeiro, 1023 - São Pedro, São José dos Pinhais - PR, 83005-570",,,(41) 99810-4622,https://wa.me/5541998104622,Imobiliária,"Centro, São José dos Pinhais",2,5.0,-25.5387052,-49.2412489,1
SAAR imóveis,"R. Visc. do Rio Branco, 2279 - Centro, São José dos Pinhais - PR, 83005-420",saarimoveis.com,https://www.saarimoveis.com,(41) 99204-0392,https://wa.me/5541992040392,Imobiliária,"Centro, São José dos Pinhais",25,4.7,-25.5387052,-49.2412489,1
Tama,"R. Germano Schlogel, 12 - sobre loja - São Cristóvão, São José dos Pinhais - PR, 83005-230",tamaimoveis.com.br,https://www.tamaimoveis.com.br,(41) 99215-1977,https://wa.me/5541992151977,Imobiliária,"Centro, São José dos Pinhais",10,5.0,-25.5387052,-49.2412489,1
KFG Imóveis,"R. XV de Novembro, 2175 - Centro, São José dos Pinhais - PR, 83005-000",kfgimoveis.com.br,https://www.kfgimoveis.com.br,(41) 99703-4238,https://wa.me/5541997034238,Imobiliária,"Centro, São José dos Pinhais",11,5.0,-25.5387052,-49.2412489,1
Kero Imóveis São José dos Pinhais,"Av. Castro Alves - Boneca do Iguaçu, São José dos Pinhais - PR, 83040-620",keroimoveis.com,https://www.keroimoveis.com,(41) 99907-4004,https://wa.me/5541999074004,Imobiliária,"Centro, São José dos Pinhais",,,-25.5387052,-49.2412489,1
Macedo Imoveis,"R. Maria Helena, nº 411 - São Pedro, São José dos Pinhais - PR, 83005-480",,,(41) 99965-1505,https://wa.me/5541999651505,Imobiliária,"Centro, São José dos Pinhais",4,5.0,-25.5387052,-49.2412489,1
Imobiliária Imo House Ltda,"R. Joaquim Nabuco, 1819 - Centro, São José dos Pinhais - PR, 83005-160",imohouse.com.br,https://www.imohouse.com.br,(41) 3058-5172,https://wa.me/554130585172,Imobiliária,"Centro, São José dos Pinhais",,,-25.5387052,-49.2412489,1
Jc Imóveis futuro,"R. Barão do Cerro Azul, 952 - TERREOSALA 552 - Centro, São José dos Pinhais - PR, 83030-430",imoveisfuturos.com.br,https://www.imoveisfuturos.com.br,(41) 99135-3258,https://wa.me/5541991353258,Imobiliária,"Centro, São José dos Pinhais",,,-25.5387052,-49.2412489,1
Orlando Silva Empreendimentos Imobiliários,"R. Aristídes França, 882 - Cidade Jardim, São José dos Pinhais - PR, 83035-170",orlandosilva.imb.br,https://www.orlandosilva.imb.br,(41) 3283-5109,https://wa.me/554132835109,Imobiliária,"Centro, São José dos Pinhais",14,3.6,-25.5387052,-49.2412489,1
VCF Imóveis,"R. Veríssimo Marques, 1309 - Centro, São José dos Pinhais - PR, 83005-410",grupovcfimoveis.com.br,https://www.grupovcfimoveis.com.br,(41) 98864-1289,https://wa.me/5541988641289,Imobiliária,"Centro, São José dos Pinhais",1,5.0,-25.5387052,-49.2412489,1
JCW Imóveis,"R. João Bonk, 57 - Cidade Jardim, São José dos Pinhais - PR, 83035-130",jcwimoveis.com.br,https://www.jcwimoveis.com.br,(41) 98402-7699,https://wa.me/5541984027699,Imobiliária,"Centro, São José dos Pinhais",7,3.3,-25.5387052,-49.2412489,1
Vittore Imóveis,"R. Jorge Mansos do Nascimento Teixeira, 500 - São Pedro, São José dos Pinhais - PR, 83005-500",vittoreimoveis.com.br,https://www.vittoreimoveis.com.br,(41) 99188-5931,https://wa.me/5541991885931,Imobiliária,"Centro, São José dos Pinhais",6,5.0,-25.5387052,-49.2412489,1
J. Aguiar Negócios Imobiliários,"R. João de Brito, 90 - Cruzeiro, São José dos Pinhais - PR, 83010-090",instagram.com,https://www.instagram.com,(41) 98704-8082,https://wa.me/5541987048082,Imobiliária,"Centro, São José dos Pinhais",2,5.0,-25.5387052,-49.2412489,1
Personnalité Assessoria Imobiliária,"Ed. Milano, Av. Sen. Souza Naves, 610 - loja 02 e 03 - Centro, São José dos Pinhais - PR, 83030-620",personnaliteimobiliaria.com.br,https://www.personnaliteimobiliaria.com.br,(41) 3556-1587,https://wa.me/554135561587,Imobiliária,"Centro, São José dos Pinhais",3,4.7,-25.5387052,-49.2412489,1
Vagner Felipe Corretor - V&K Imóveis Ltda.,"R. Voluntários da Pátria, 381 - Sala 09 - Centro, São José dos Pinhais - PR, 83005-020",vagnerfelipecorretor.com.br,https://www.vagnerfelipecorretor.com.br,(41) 99851-6961,https://wa.me/5541998516961,Imobiliária,"Centro, São José dos Pinhais",1,5.0,-25.5387052,-49.2412489,1
Aldrian Matoso Corretor de Imóveis -,"R. Ten. Djalma Dutra, 1140 - Centro, São José dos Pinhais - PR, 83005-360",aldrianmatoso.com.br,https://www.aldrianmatoso.com.br,(41) 99643-9613,https://wa.me/5541996439613,Imobiliária,"Centro, São José dos Pinhais",1,5.0,-25.5387052,-49.2412489,1
ANTENA CONSULTORIA IMOBILIÁRIA - Venda e Locação de Imóveis.,"83065260 - Av. Rui Barbosa, 5288 - Parque da Fonte, São José dos Pinhais - PR, 83065-260",antenaimoveis.com.br,https://www.antenaimoveis.com.br,,,Imobiliária,"Centro, São José dos Pinhais",118,4.8,-25.5387052,-49.2412489,1
Area & Area Assessoria,"R. Mal. Deodoro da Fonseca, 940 - Centro, São José dos Pinhais - PR, 83005-350",areaearea.com.br,https://www.areaearea.com.br,(41) 3035-6868,https://wa.me/554130356868,Imobiliária,"Centro, São José dos Pinhais",2,5.0,-25.542616,-49.2321129,1
IMÓVEIS MAIS VISITADOS,"R. Cel. Quadros, 826 - Cidade Jardim, São José dos Pinhais - PR, 83035-390",,,(41) 3107-8729,https://wa.me/554131078729,Imobiliária,"Centro, São José dos Pinhais",2,3.5,-25.542616,-49.2321129,1
AB Imóveis,"R. Veríssimo Marques, 1036 - Centro, São José dos Pinhais - PR, 83005-410",abimoveis.com,https://www.abimoveis.com,(41) 3283-1692,https://wa.me/554132831692,Imobiliária,"Centro, São José dos Pinhais",7,4.4,-25.542616,-49.2321129,1
Dáviko Imóveis,"R. Barão do Cerro Azul, 1084 - Centro, São José dos Pinhais - PR, 83005-430",daviko.com.br,https://www.daviko.com.br,(41) 99528-8697,https://wa.me/5541995288697,Imobiliária,"Centro, São José dos Pinhais",6,5.0,-25.542616,-49.2321129,1
Taal Imóveis,"R. Joinville, 2830 - sala 4 - São Pedro, São José dos Pinhais - PR, 83020-000",,,(41) 98758-6322,https://wa.me/5541987586322,Imobiliária,"Centro, São José dos Pinhais",1,5.0,-25.542616,-49.2321129,1
Solução Imóveis,"R. Dr. Manoel Ribeiro de Campos, 647 - Centro, São José dos Pinhais - PR, 83005-310",,,(41) 99969-8872,https://wa.me/5541999698872,Imobiliária,"Centro, São José dos Pinhais",1,5.0,-25.542616,-49.2321129,1
Unitas Imóveis,"R. Joinville, 3865 - Sala 04 - São Pedro, São José dos Pinhais - PR, 83020-000",unitasimoveis.com.br,https://www.unitasimoveis.com.br,(41) 4101-0856,https://wa.me/554141010856,Imobiliária,"Centro, São José dos Pinhais",65,5.0,-25.542616,-49.2321129,1
RESIDENCIAL SOL DA TERRA,"R. Dr. Motta Júnior, 1434 - Centro, São José dos Pinhais - PR, 83005-170",sites.google.com,https://www.sites.google.com,(41) 3283-1357,https://wa.me/554132831357,Imobiliária,"Centro, São José dos Pinhais",17,4.2,-25.542616,-49.2321129,1
Thiago Rocha Corretor de Imóveis,"R. Marcelino Nogueira, 497 - Centro, São José dos Pinhais - PR, 83005-370",,,(47) 99858-1121,https://wa.me/5547998581121,Imobiliária,"Centro, São José dos Pinhais",32,4.1,-25.542616,-49.2321129,1
Ampliar Imobiliária,"Rua Dona Izabel A Redentora, 1592 - Centro, São José dos Pinhais - PR, 83005-010",imobiliariaampliar.com.br,https://www.imobiliariaampliar.com.br,(41) 3283-3000,https://wa.me/554132833000,Imobiliária,"Centro, São José dos Pinhais",7,3.3,-25.542616,-49.2321129,1
VCF IMOVEIS,"R. Joaquim Nabuco, 2312 - Cidade Jardim, São José dos Pinhais - PR, 83040-210",grupovcfimoveis.com.br,https://www.grupovcfimoveis.com.br,(41) 98864-1289,https://wa.me/5541988641289,Imobiliária,"Centro, São José dos Pinhais",1,5.0,-25.542616,-49.2321129,1
Fernanda Oliveira - Corretora de Imóveis,,fernandaoliveiraimoveis.com.br,https://www.fernandaoliveiraimoveis.com.br,(41) 99543-2504,https://wa.me/5541995432504,Imobiliária,"Centro, São José dos Pinhais",43,4.3,-14.4095262,-51.3527289,1
Luyara Incorporadora e Empreendimentos Imobiliário,"R. Voluntários da Pátria, 381 - 2 - Centro, São José dos Pinhais - PR, 83005-020",,,(41) 3058-6630,https://wa.me/554130586630,Imobiliária,"Centro, São José dos Pinhais",1,5.0,-25.5392433,-49.239222,1
EuroBras Imóveis,"R. Gen. Catão Mena Barreto Monclaro, 620 - São Pedro, São José dos Pinhais - PR, 83005-510",,,(41) 3534-8687,https://wa.me/554135348687,Imobiliária,"Centro, São José dos Pinhais",9,4.8,-25.5392433,-49.239222,1
Confiar imóveis,"Rua Capitão. Benjamim Claudino Ferreira, 1481 - Centro, São José dos Pinhais - PR, 83005-390",,,(41) 3283-5757,https://wa.me/554132835757,Imobiliária,"Centro, São José dos Pinhais",1,4.0,-25.5392433,-49.239222,1
Marques Imóveis,"Tv. José Ziliotto, 107 - Centro, São José dos Pinhais - PR, 83005-080",,,(41) 3382-1049,https://wa.me/554133821049,Imobiliária,"Centro, São José dos Pinhais",3,2.3,-25.5392433,-49.239222,1
MAIA Imóveis,"R. Visc. do Rio Branco, 1512 - Centro, São José dos Pinhais - PR, 83005-420",,,,,Imobiliária,"Centro, São José dos Pinhais",,,-25.5392433,-49.239222,1
Rena Imóveis,"R. Joinville, 3865 - Braga, São José dos Pinhais - PR, 80215-430",renaimoveis.com,https://www.renaimoveis.com,(41) 3262-9368,https://wa.me/554132629368,Imobiliária,"Centro, São José dos Pinhais",112,4.9,-25.5392433,-49.239222,1
SJP Assessoria imobiliaria,"R. Alm. Alexandrino, 1875 - sobreloja - Afonso Pena, São José dos Pinhais - PR, 83040-420",sjpimoveispr.com.br,https://www.sjpimoveispr.com.br,(41) 98822-6603,https://wa.me/5541988226603,Imobiliária,"Afonso Pena, São José dos Pinhais",6,5.0,-25.5097159,-49.2119269,1
Morar&Viver Imóveis,"Rua Tavares de Lyra, 2171 - Afonso Pena, São José dos Pinhais - PR, 83050-000",morareviver.com,https://www.morareviver.com,(41) 99771-6300,https://wa.me/5541997716300,Imobiliária,"Afonso Pena, São José dos Pinhais",18,4.0,-25.5097159,-49.2119269,1
Conexão Parceira Imóveis - Venda e Locação,"R. Francisco Alves, 215 - Parque da Fonte, São José dos Pinhais - PR, 83050-420",imoveisconexaoparceira.com,https://www.imoveisconexaoparceira.com,(41) 3542-2018,https://wa.me/554135422018,Imobiliária,"Afonso Pena, São José dos Pinhais",5,5.0,-25.5097159,-49.2119269,1
Achei Imóveis,"R. Frei Belino Maria Treviso, 46 - Afonso Pena, São José dos Pinhais - PR, 83015-460",,,(41) 3081-8088,https://wa.me/554130818088,Imobiliária,"Afonso Pena, São José dos Pinhais",4,4.0,-25.5097159,-49.2119269,1
GW Assessoria Imobiliária,"Av. Rui Barbosa, 5650 - Afonso Pena, São José dos Pinhais - PR, 83045-350",gwimoveis.com.br,https://www.gwimoveis.com.br,(41) 3382-5314,https://wa.me/554133825314,Imobiliária,"Afonso Pena, São José dos Pinhais",7,4.1,-25.5097159,-49.2119269,1
Imobiliária 2ex,"R. Alzira Ângela da Guarda, 58 - Afonso Pena, São José dos Pinhais - PR, 83045-365",imobiliaria2ex.com.br,https://www.imobiliaria2ex.com.br,(41) 3033-0707,https://wa.me/554130330707,Imobiliária,"Afonso Pena, São José dos Pinhais",7,5.0,-25.5210708,-49.2283939,1
Pio | Negócios Imobiliários | São Jose dos Pinhais - PR,"Rua Tavares de Lyra, 2015 - Parque da Fonte, São José dos Pinhais - PR, 83065-180",pionegociosimobiliarios.com.br,https://www.pionegociosimobiliarios.com.br,(41) 99925-2024,https://wa.me/5541999252024,Imobiliária,"Afonso Pena, São José dos Pinhais",2,5.0,-25.5210708,-49.2283939,1
LL IMOBILIÁRIA,"R. Profa. Marieta de Souza e Silva, 2306 - Sala 2 - Parque da Fonte, São José dos Pinhais - PR, 83050-160",,,,,Imobiliária,"Afonso Pena, São José dos Pinhais",7,4.3,-25.5060042,-49.2100522,1
TAB Condomínio Logístico/Industrial,"Av. Rui Barbosa, 5525 - Aviação, São José dos Pinhais - PR, 83045-350",tabgalpoes.com.br,https://www.tabgalpoes.com.br,(41) 3058-3366,https://wa.me/554130583366,Imobiliária,"Afonso Pena, São José dos Pinhais",42,4.6,-25.5060042,-49.2100522,1
NAHUM MULTI-SERVIÇOS - EI,"Rua Tavares de Lyra, 817 - Parque da Fonte, São José dos Pinhais - PR, 83050-000",,,(47) 99146-8614,https://wa.me/5547991468614,Imobiliária,"Afonso Pena, São José dos Pinhais",2,5.0,-25.4999562,-49.223721,1
Y-Prime Imóveis,"R. Harry Feeken, 1508 - Boneca do Iguaçu, São José dos Pinhais - PR, 83040-000",,,(41) 99700-8871,https://wa.me/5541997008871,Imobiliária,"Afonso Pena, São José dos Pinhais",1,5.0,-25.4999562,-49.223721,1
ACR CORRETOR DE IMÓVEIS,"R. Francisco Alves, 869 - Parque da Fonte, São José dos Pinhais - PR, 83050-420",acrcorretordeimoveis.com.br,https://www.acrcorretordeimoveis.com.br,(41) 99945-0555,https://wa.me/5541999450555,Imobiliária,"Afonso Pena, São José dos Pinhais",3,4.7,-25.5042581,-49.2129968,1
JB Imobiliária Paraná | Imóveis e propriedades Rurais a Venda,"Rua José Dorneles, 1390 - Parque da Fonte, São José dos Pinhais - PR, 83050-110",jbimoveispr.com.br,https://www.jbimoveispr.com.br,(41) 99107-8324,https://wa.me/5541991078324,Imobiliária,"Afonso Pena, São José dos Pinhais",14,4.4,-25.5042581,-49.2129968,1
CSM Imovéis,"R. Alm. Alexandrino, 662 - Parque da Fonte, São José dos Pinhais - PR, 83040-420",csmimoveis.com.br,https://www.csmimoveis.com.br,(41) 3283-3549,https://wa.me/554132833549,Imobiliária,"Afonso Pena, São José dos Pinhais",6,4.0,-25.501275,-49.2139795,1
Pereira Assessoria Imobiliária,"R. Harry Feeken, 1088 - Boneca do Iguaçu, São José dos Pinhais - PR, 83040-000",,,(41) 3383-6777,https://wa.me/554133836777,Imobiliária,"Afonso Pena, São José dos Pinhais",4,3.0,-25.501275,-49.2139795,1
Negoseky Imóveis,"R. Carlos Hambrusch, 546 - Aviação, São José dos Pinhais - PR, 83045-360",negosekyimoveis.com.br,https://www.negosekyimoveis.com.br,(41) 99249-8221,https://wa.me/5541992498221,Imobiliária,"Afonso Pena, São José dos Pinhais",11,5.0,-25.501275,-49.2139795,1
Closer Imóveis,"Rua Tavares de Lyra, 603 - Parque da Fonte, São José dos Pinhais - PR, 83050-000",,,(41) 99223-0855,https://wa.me/5541992230855,Imobiliária,"Afonso Pena, São José dos Pinhais",,,-25.4984288,-49.2255992,1
Eduardo Ribeiro Realtors,"R. Medianeira, 47 - Aviação, São José dos Pinhais - PR, 83045-460",eduardoribeiroimoveis.com.br,https://www.eduardoribeiroimoveis.com.br,(41) 98861-5211,https://wa.me/5541988615211,Imobiliária,"Afonso Pena, São José dos Pinhais",10,4.3,-25.5335769,-49.2386989,1
V R Imóveis Ltda,"Av. Rui Barbosa, 7303 - Boneca do Iguaçu, São José dos Pinhais - PR, 83040-550",,,(41) 3282-0265,https://wa.me/554132820265,Imobiliária,"Afonso Pena, São José dos Pinhais",2,4.5,-25.5417487,-49.2366566,1
Fogaça Imóveis,"R. Des. Ernâni Almeida de Abreu, 437 - Afonso Pena, São José dos Pinhais - PR, 83045-010",fogacaimoveis.imb.br,https://www.fogacaimoveis.imb.br,(41) 98501-6980,https://wa.me/5541985016980,Imobiliária,"Afonso Pena, São José dos Pinhais",,,-25.5084877,-49.2248776,1
C.L.R IMOVEIS,"R. Cel. Quadros, 510 - Cidade Jardim, São José dos Pinhais - PR, 83035-390",,,(41) 99722-7350,https://wa.me/5541997227350,Imobiliária,"Afonso Pena, São José dos Pinhais",,,-25.537854,-49.2358658,1
Carmen Mais Imóveis,"Tv. Ari Alberti, 1564 - Cidade Jardim, São José dos Pinhais - PR, 83005-190",,,(41) 3382-6000,https://wa.me/554133826000,Imobiliária,"Afonso Pena, São José dos Pinhais",22,4.4,-25.537854,-49.2358658,1
Rocco Imóveis São José dos Pinhais,"R. Joinville, 2462 - São Pedro, São José dos Pinhais - PR, 83005-550",roccoimoveis.com.br,https://www.roccoimoveis.com.br,(41) 3283-6000,https://wa.me/554132836000,Imobiliária,"Afonso Pena, São José dos Pinhais",466,4.8,-25.537854,-49.2358658,1
Vinicius Soares Corretor de Imóveis,"R. Ten. Luiz de Campos Valejo, N°30 - São Cristóvão, São José dos Pinhais - PR, 83005-200",viniciussoaresimb.com.br,https://www.viniciussoaresimb.com.br,(41) 99271-6028,https://wa.me/5541992716028,Imobiliária,"Afonso Pena, São José dos Pinhais",3,3.7,-25.537854,-49.2358658,1
CONSTRUIR SONHOS,"Av. Rui Barbosa, 8665 - Aristocrata, São José dos Pinhais - PR, 83005-390",,,,,Imobiliária,"Afonso Pena, São José dos Pinhais",,,-25.537854,-49.2358658,1
Guidini Imóveis - Imobiliária São José dos Pinhais,"R. Cap. Tobias Pereira da Cruz, 1570 - Centro, São José dos Pinhais - PR, 83005-050",rosangelaguidini.com.br,https://www.rosangelaguidini.com.br,(41) 99692-8881,https://wa.me/5541996928881,Imobiliária,"Afonso Pena, São José dos Pinhais",68,4.9,-25.537854,-49.2358658,1
Digital Imóveis,"R. Profa. Marieta de Souza e Silva, 817 - Parque da Fonte, São José dos Pinhais - PR, 83050-160",,,(41) 98798-1034,https://wa.me/5541987981034,Imobiliária,"Afonso Pena, São José dos Pinhais",,,-25.4970804,-49.2210801,1
Machado Mocelin,"Av. Rui Barbosa, 8665 - Centro, São José dos Pinhais - PR, 83005-390",wa.me,https://www.wa.me,(41) 99769-0171,https://wa.me/5541997690171,Imobiliária,"Afonso Pena, São José dos Pinhais",,,-25.5402763,-49.2336342,1
Fragoso Imóveis e Despachante,"R. Fernando Cata Preta Machado, 46 - Parque da Fonte, São José dos Pinhais - PR, 83050-360",imoveisfragoso.com.br,https://www.imoveisfragoso.com.br,(41) 99852-5035,https://wa.me/5541998525035,Imobiliária,"Afonso Pena, São José dos Pinhais",,,-25.5085347,-49.2134402,1
Adriano Godoi Corretor,"R. Carlito Dissenha, 417 - Costeira, São José dos Pinhais - PR, 83015-716",godoicorretor.com.br,https://www.godoicorretor.com.br,(41) 99196-8598,https://wa.me/5541991968598,Imobiliária,"Costeira, São José dos Pinhais",124,5.0,-25.5085102,-49.2752424,1
Wapenik Imóveis,"R. Reinaldo Miguel Valenga, 402 - Costeira, São José dos Pinhais - PR, 83015-640",,,(41) 3398-0900,https://wa.me/554133980900,Imobiliária,"Costeira, São José dos Pinhais",3,5.0,-25.5085102,-49.2752424,1
Residencial California,"R. Antônio Môro, 1047 - Costeira, São José dos Pinhais - PR, 83010-300",,,,,Imobiliária,"Costeira, São José dos Pinhais",5,4.2,-25.5085102,-49.2752424,1
Residencial Foggiatto,"R. Oristela Foggiatto, 114-196 - Costeira, São José dos Pinhais - PR, 83015-430",,,(41) 99997-2312,https://wa.me/5541999972312,Imobiliária,"Costeira, São José dos Pinhais",105,4.5,-25.5085102,-49.2752424,1
Tatiane de Oliveira imóveis,"R. Dr. Murici, 3792 - Sl 09 - Costeira, São José dos Pinhais - PR, 83015-290",tatianedeoliveiracorretora.com.br,https://www.tatianedeoliveiracorretora.com.br,(41) 99106-6941,https://wa.me/5541991066941,Imobiliária,"Costeira, São José dos Pinhais",34,5.0,-25.5085102,-49.2752424,1
DW Imoveis,"R. Reinaldo Miguel Valenga, 402 - Costeira, São José dos Pinhais - PR, 83015-640",,,(41) 98533-7883,https://wa.me/5541985337883,Imobiliária,"Costeira, São José dos Pinhais",,,-25.538768,-49.3411506,1
Marcelo Rendake,"R. Manoel Píres Pereira, 327 - Ouro Fino, São José dos Pinhais - PR, 83015-232",marcelorendakeimoveis.com.br,https://www.marcelorendakeimoveis.com.br,(41) 3098-6666,https://wa.me/554130986666,Imobiliária,"Costeira, São José dos Pinhais",9,3.2,-25.538768,-49.3411506,1
Ketlin Corretora,"R. João Zarpelon, 293 - Ouro Fino, São José dos Pinhais - PR, 83015-210",,,(41) 99898-3840,https://wa.me/5541998983840,Imobiliária,"Costeira, São José dos Pinhais",1,5.0,-25.538768,-49.3411506,1
LOG São José dos Pinhais,"Alameda Bom Pastor, 1816 - Ouro Fino, São José dos Pinhais - PR, 83015-140",logcp.com.br,https://www.logcp.com.br,0800 400 0606,https://wa.me/5508004000606,Imobiliária,"Costeira, São José dos Pinhais",20,4.1,-25.538768,-49.3411506,1
RUBIA CORRETORA DE IMOVEIS,"R. Dom Orione, 284 - Barro Preto, São José dos Pinhais - PR, 83015-886",,,(41) 99107-3308,https://wa.me/5541991073308,Imobiliária,"Costeira, São José dos Pinhais",,,-25.538768,-49.3411506,1
Glauber Cavalcanti Corretor,"Rua Maria Licodiedoff, nº 45 - Costeira, São José dos Pinhais - PR, 83015-660",,,(41) 99273-1114,https://wa.me/5541992731114,Imobiliária,"Costeira, São José dos Pinhais",1,5.0,-25.538768,-49.3411506,1
Sonata Imóveis,"Rua Maria Pasqualim Vacari 79 - Cruzeiro, São José dos Pinhais - PR, 83010-390",sonataimoveis.com.br,https://www.sonataimoveis.com.br,(41) 98851-3133,https://wa.me/5541988513133,Imobiliária,"Costeira, São José dos Pinhais",13,4.4,-25.538768,-49.3411506,1
Condomínio Wilmont,"R. Const. Moro Sobrinho, 883 - Rio Pequeno, São José dos Pinhais - PR, 83085-300",,,,,Imobiliária,"Costeira, São José dos Pinhais",32,4.6,-25.538768,-49.3411506,1
Residencial Albany,"Ouro Fino, São José dos Pinhais - State of Paraná, 83010-290",,,,,Imobiliária,"Costeira, São José dos Pinhais",143,4.4,-25.538768,-49.3411506,1
Residencial Cheverny,"R. São Salvador, 86 - Ouro Fino, São José dos Pinhais - PR, 83015-220",,,,,Imobiliária,"Costeira, São José dos Pinhais",109,4.6,-25.538768,-49.3411506,1
Jr Imobiliária,"R. Colombo, 1561 - Sala 2 - Centro, São José dos Pinhais - PR, 83005-400",jrimobiliaria.com.br,https://www.jrimobiliaria.com.br,(41) 3398-2268,https://wa.me/554133982268,Imobiliária,"Costeira, São José dos Pinhais",39,4.6,-25.538768,-49.3411506,1
Ideal Lar Imóveis,"R. Manoel Píres Pereira, 327 - Ouro Fino, São José dos Pinhais - PR, 83015-232",,,(41) 3385-3640,https://wa.me/554133853640,Imobiliária,"Costeira, São José dos Pinhais",,,-25.538768,-49.3411506,1
Vistoriare Vistorias e Manutenções de Imóveis,"R. Brasília, 282 - Ouro Fino, São José dos Pinhais - PR, 83015-080",,,(41) 98902-5083,https://wa.me/5541989025083,Imobiliária,"Costeira, São José dos Pinhais",1,5.0,-25.538768,-49.3411506,1
Sérgio Imóveis,"R. Jorge Guimarães de Camargo - Cruzeiro, São José dos Pinhais - PR, 83010-270",sergioimoveis.seg.br,https://www.sergioimoveis.seg.br,(41) 99101-6213,https://wa.me/5541991016213,Imobiliária,"Costeira, São José dos Pinhais",,,-25.538768,-49.3411506,1
Costeira,,,,,,Imobiliária,"Costeira, São José dos Pinhais",,,-25.5629304,-49.2302474,1
Condomínio Industrial Paraná Trade Park,"Alameda Bom Pastor, 4000 - Barro Preto, São José dos Pinhais - PR, 83015-140",portofeliz.com,https://www.portofeliz.com,(41) 3398-1539,https://wa.me/554133981539,Imobiliária,"Costeira, São José dos Pinhais",85,4.6,-25.5391593,-49.2740947,1
Condominio Paulina - Portaria 1,"R. Afonso Miranda, 500 - Quissisana, São José dos Pinhais - PR, 83085-054",,,,,Imobiliária,"Costeira, São José dos Pinhais",28,4.7,-25.5391593,-49.2740947,1
BMX Incorpp - Incorporadora de Imóveis em Curitiba,"Av. Rep. Argentina, 1160 - Sala 1203 - Vila Izabel, Curitiba - PR, 80620-010",instagram.com,https://www.instagram.com,(41) 98769-9979,https://wa.me/5541987699979,Imobiliária,"Costeira, São José dos Pinhais",15,4.4,-25.542659,-49.2290327,1
Evandro Sidnei de Oliveira,"R. Laura Lopes Latuf - Cruzeiro, São José dos Pinhais - PR, 83010-350",ueniweb.com,https://www.ueniweb.com,(41) 99283-4770,https://wa.me/5541992834770,Imobiliária,"Costeira, São José dos Pinhais",1,5.0,-25.456779,-49.3610338,1
Condomínio Prime,"R. Manoel Píres Pereira, 110 - Ouro Fino, São José dos Pinhais - PR, 83015-570",,,,,Imobiliária,"Costeira, São José dos Pinhais",1,5.0,-25.549888,-49.2483263,1
Condomínio Life Garden Domingas Rocco,"R. Manoel Martins, 905 - Costeira, São José dos Pinhais - PR, 83015-490",,,,,Imobiliária,"Costeira, São José dos Pinhais",13,4.6,-25.549888,-49.2483263,1
AJAIME CORRETOR & AVALIADOR IMÓBILIARIO,"CASA FDS - JOANINA BONK BLONKOWISKI, Nº 17 - Rio Pequeno, São José dos Pinhais - PR, 83065-520",,,(41) 99552-9957,https://wa.me/5541995529957,Imobiliária,"Costeira, São José dos Pinhais",,,-25.549888,-49.2483263,1
Residencial Fazenda di Vicenza,"R. Antônio Molleta Filho, 1950 - Barro Preto, São José dos Pinhais - PR, 83015-500",vilaaltapremium.com.br,https://www.vilaaltapremium.com.br,(41) 99603-5331,https://wa.me/5541996035331,Imobiliária,"Costeira, São José dos Pinhais",7,4.4,-25.549888,-49.2483263,1
SILVANDA CORRETORA DE IMÓVEIS,"R. Francisco Dirceu Chiurato, 105 - Quissisana, São José dos Pinhais - PR, 83085-180",,,,,Imobiliária,"Costeira, São José dos Pinhais",1,5.0,-25.549888,-49.2483263,1
Coelho Imóveis,"R. Maranhão, 23 - Sobrado 97 - Boneca do Iguaçu, São José dos Pinhais - PR, 83040-060",coelhoimoveis.com.br,https://www.coelhoimoveis.com.br,98835-2000,https://wa.me/55988352000,Imobiliária,"Costeira, São José dos Pinhais",11,5.0,-25.549888,-49.2483263,1
Condomínio residencial Vigneto,"Rua Oristela Foggiatto, R. São Francisco, 580, São José dos Pinhais - PR, 83015-430",,,(41) 99251-0720,https://wa.me/5541992510720,Imobiliária,"Costeira, São José dos Pinhais",,,-25.456779,-49.3610338,1
Residencial Galiléia,"R. Melchíades de Bastos, 292 - Ouro Fino, São José dos Pinhais - PR, 83015-232",,,(41) 99898-3840,https://wa.me/5541998983840,Imobiliária,"Costeira, São José dos Pinhais",17,4.5,-25.5434386,-49.2730248,1
RESIDENCIAL OURO FINO,"Rua Maria Paulina Pereira, no 50 - Ouro Fino, São José dos Pinhais - PR",,,,,Imobiliária,"Costeira, São José dos Pinhais",18,4.7,-25.5434386,-49.2730248,1
Imobiliária São Marcos,"R. José Trevisan, 819 - São Marcos, São José dos Pinhais - PR, 83090-090",imobiliariasaomarcosonline.com.br,https://www.imobiliariasaomarcosonline.com.br,(41) 3382-0801,https://wa.me/554133820801,Imobiliária,"Costeira, São José dos Pinhais",15,5.0,-25.5434386,-49.2730248,1
Schabarum Empreendimentos Imobiliários em São José dos Pinhais,"R. Santa Rita, 972 - Cidade Jardim, São José dos Pinhais - PR, 83035-250",schabarumempreendimentos.com.br,https://www.schabarumempreendimentos.com.br,(41) 99851-2056,https://wa.me/5541998512056,Imobiliária,"Costeira, São José dos Pinhais",36,4.9,-25.5286998,-49.2763655,1
Casa de Tintas Alameda,"Alameda Arpo, 2565 - Loja 24 - Costeira, São José dos Pinhais - PR, 83010-290",,,(41) 99911-0943,https://wa.me/5541999110943,Imobiliária,"Costeira, São José dos Pinhais",8,4.0,-25.5286998,-49.2763655,1
S.RODRIGUES ASSESSORIA IMOBILIARIA,"R. Arival Anselmo Matzenbacher, 870 - Del Rey, São José dos Pinhais - PR, 83090-460",,,(41) 3556-3132,https://wa.me/554135563132,Imobiliária,"Costeira, São José dos Pinhais",,,-25.5597921,-49.2381086,1
Plantão de Vendas DeVille Imóveis,,devillevendas.com.br,https://www.devillevendas.com.br,(41) 99622-7000,https://wa.me/5541996227000,Imobiliária,"Costeira, São José dos Pinhais",,,-25.4688576,-49.2933727,1
Executiva Incorporadora e Empr. Imobiliários EIRELI,"R. Antonina, 40 - Cidade Jardim, São José dos Pinhais - PR, 83035-350",,,(41) 99547-0505,https://wa.me/5541995470505,Imobiliária,"Cidade Jardim, São José dos Pinhais",3,5.0,-25.5286998,-49.2222921,1
Jane Corretora,"Tv. São Cristóvão, 30 - Cidade Jardim, São José dos Pinhais - PR, 83035-210",janecorretora.com.br,https://www.janecorretora.com.br,(41) 98796-2699,https://wa.me/5541987962699,Imobiliária,"Cidade Jardim, São José dos Pinhais",5,4.2,-25.5335769,-49.2206744,1
Nivaldo Soares Imóveis,"R. Dr. Claudino dos Santos, 750 - Centro, São José dos Pinhais - PR, 83005-180",nivaldosoaresimoveis.com.br,https://www.nivaldosoaresimoveis.com.br,(41) 99957-8298,https://wa.me/5541999578298,Imobiliária,"Cidade Jardim, São José dos Pinhais",9,4.0,-25.5335769,-49.2206744,1
Val Magalhães Corretora de Imóveis,"R. Germano Schlogel, 12 - sala 01 - São Cristóvão, São José dos Pinhais - PR, 83005-230",,,(41) 98503-2242,https://wa.me/5541985032242,Imobiliária,"Cidade Jardim, São José dos Pinhais",1,4.0,-25.5335769,-49.2206744,1
Empreendimentos,"R. Edmundo Saporski, 149 - São Cristóvão, São José dos Pinhais - PR, 83005-270",,,(41) 3035-3000,https://wa.me/554130353000,Imobiliária,"Cidade Jardim, São José dos Pinhais",4,4.3,-25.5335769,-49.2206744,1
OAB-Ordem dos Advogados do Brasil-Seção do Paraná,"R. Joaquim Nabuco, 2176 - Cidade Jardim, São José dos Pinhais - PR, 83005-160",,,(41) 3383-4781,https://wa.me/554133834781,Imobiliária,"Cidade Jardim, São José dos Pinhais",2,4.0,-25.5385824,-49.2181421,1
Washington Ortega Central de Negócios Imobiliários,,washingtonortega.com.br,https://www.washingtonortega.com.br,(41) 3035-7770,https://wa.me/554130357770,Imobiliária,"Cidade Jardim, São José dos Pinhais",62,3.9,-14.4095262,-51.3347044,1
Kahell Imóveis,"R. Veríssimo Marques, 1096 - Centro, São José dos Pinhais - PR, 83005-410",,,(41) 3035-4300,https://wa.me/554130354300,Imobiliária,"Cidade Jardim, São José dos Pinhais",2,1.0,-25.535739,-49.2182199,1
INOVACE EMPREENDIMENTOS,"R. Maringá, 300 - Boneca do Iguaçu, São José dos Pinhais - PR, 83040-160",inovaceconstrutora.com.br,https://www.inovaceconstrutora.com.br,(41) 3618-4139,https://wa.me/554136184139,Imobiliária,"Cidade Jardim, São José dos Pinhais",,,-25.535739,-49.2182199,1
Luzinete Brambila Corretora,"Samuel Imóveis - R. Veríssimo Marques - Centro, São José dos Pinhais - PR, 83005-340",,,(41) 99103-9355,https://wa.me/5541991039355,Imobiliária,"Cidade Jardim, São José dos Pinhais",,,-25.535739,-49.2182199,1
Porto Rico Imobiliária,"Rua Capitão. Benjamim Claudino Ferreira, 1530 - Centro, São José dos Pinhais - PR, 83005-390",,,(41) 3283-3975,https://wa.me/554132833975,Imobiliária,"Cidade Jardim, São José dos Pinhais",,,-25.535739,-49.2182199,1
Tudo sobre Minha Casa Minha Vida,"Av. Rui Barbosa, 8694 - Centro, São José dos Pinhais - PR, 83005-390",,,(41) 99814-0301,https://wa.me/5541998140301,Imobiliária,"Cidade Jardim, São José dos Pinhais",,,-25.535739,-49.2182199,1
cordeiro & colombo corretores de imóveis,"Rua Francisco Euclides do Nascimento, 114 - Afonso Pena, São José dos Pinhais - PR, 83040-390",cordeirocolombo.com.br,https://www.cordeirocolombo.com.br,(41) 3282-4846,https://wa.me/554132824846,Imobiliária,"Cidade Jardim, São José dos Pinhais",2,3.5,-25.535739,-49.2182199,1
JR Almeida venha realizar seu sonho conosco,"Rua Dona Izabel A Redentora, 1038 - Centro, São José dos Pinhais - PR, 83030-500",jralmeidaimoveis.com.br,https://www.jralmeidaimoveis.com.br,(41) 99919-6164,https://wa.me/5541999196164,Imobiliária,"Cidade Jardim, São José dos Pinhais",,,-25.5421791,-49.2131405,1
Taliana Scopel Imóveis,"Rua São José, 50 - AP 202 - São Cristóvão, Videira - PR, 89562-052",talianascopelimoveis.com.br,https://www.talianascopelimoveis.com.br,(49) 99935-3636,https://wa.me/5549999353636,Imobiliária,"Cidade Jardim, São José dos Pinhais",1,5.0,-25.5223575,-49.2182891,1
AVERBAÇÃO IMOBILIÁRIA & PROJETOS,"R. Dep. Arnaldo Faivro Busato, 198 - Afonso Pena, São José dos Pinhais - PR, 83045-000",corretare.blogspot.com,https://www.corretare.blogspot.com,(41) 99211-0557,https://wa.me/5541992110557,Imobiliária,"Cidade Jardim, São José dos Pinhais",,,-25.5175859,-49.2098889,1
Deporte Brum Negócios Imobiliários,,deportebrumimoveis.com.br,https://www.deportebrumimoveis.com.br,(41) 99651-2158,https://wa.me/5541996512158,Imobiliária,"Cidade Jardim, São José dos Pinhais",25,5.0,-25.5338347,-49.2164395,1
X House Imóveis - São José dos Pinhais,,xhouseimoveis.com.br,https://www.xhouseimoveis.com.br,(41) 92001-7292,https://wa.me/5541920017292,Imobiliária,"Cidade Jardim, São José dos Pinhais",6,5.0,-25.4757551,-49.2200572,1
EWERSON BESCH Imóveis,"R. Dep. Arnaldo Faivro Busato, 198 - Afonso Pena, São José dos Pinhais - PR, 83045-000",corretare.blogspot.com,https://www.corretare.blogspot.com,(41) 99599-4877,https://wa.me/5541995994877,Imobiliária,"Cidade Jardim, São José dos Pinhais",,,-25.5285966,-49.2392993,1
Meire Lindner Corretora de Imóveis,,meirelindner.com.br,https://www.meirelindner.com.br,(41) 99753-0943,https://wa.me/5541997530943,Imobiliária,"Cidade Jardim, São José dos Pinhais",20,4.8,-25.5069184,-49.20818,1
Barankies Imobiliária,,barankies.com,https://www.barankies.com,(41) 99508-6161,https://wa.me/5541995086161,Imobiliária,"Cidade Jardim, São José dos Pinhais",3,5.0,-25.6640946,-49.0569975,1
TRENTO IMÓVEIS,,imoveistrento.com,https://www.imoveistrento.com,(41) 99954-3223,https://wa.me/5541999543223,Imobiliária,"Cidade Jardim, São José dos Pinhais",,,-25.5285966,-49.2392993,1
kitnetslardocelar São José dos Pinhais,"R. Miguel Grassi - Guatupê, São José dos Pinhais - PR, 83060-200",,,(41) 99165-9897,https://wa.me/5541991659897,Imobiliária,"Guatupê, São José dos Pinhais",2,5.0,-25.4869265,-49.2229304,1
Residential Condominium Villa Bella,"R. Salomão Miguel Nasser, 1055 - Guatupê, São José dos Pinhais - PR, 83060-230",gohotele.com,https://www.gohotele.com,,,Imobiliária,"Guatupê, São José dos Pinhais",418,4.4,-25.4869265,-49.2229304,1
Condominio Residencial Vila Verde,"Av. Guatupê, 2950 - Guatupê, São José dos Pinhais - PR, 83060-090",,,,,Imobiliária,"Guatupê, São José dos Pinhais",320,4.2,-25.4869265,-49.2229304,1
Piske Corretor de Imóveis,"R. dos Pinheiros, 117 - Rio Pequeno, São José dos Pinhais - PR, 83060-070",,,(41) 3078-5791,https://wa.me/554130785791,Imobiliária,"Guatupê, São José dos Pinhais",4,3.3,-25.4869265,-49.2229304,1
Mayk Andrade Corretor de Imóveis,"Av. Rui Barbosa, 676 - Aristocrata, São José dos Pinhais - PR",,,(43) 99105-2066,https://wa.me/5543991052066,Imobiliária,"Guatupê, São José dos Pinhais",1,3.0,-25.4869265,-49.2229304,1
MD Imoveis,"R. Nauher Bortoloti - Parque da Fonte, São José dos Pinhais - PR, 83050-640",,,(41) 98847-3195,https://wa.me/5541988473195,Imobiliária,"Guatupê, São José dos Pinhais",1,5.0,-25.4869265,-49.2229304,1
Zimovel,"R. Laura Nunes Fernandes, 211 - Parque da Fonte, São José dos Pinhais - PR, 83050-610",zimovel.com.br,https://www.zimovel.com.br,(41) 99606-7117,https://wa.me/5541996067117,Imobiliária,"Guatupê, São José dos Pinhais",,,-25.4869265,-49.2229304,1
Chaveiro Guatupe 24 horas,"Av. Guatupê, 356 - Guatupê, São José dos Pinhais - PR, 83060-090",,,(41) 99664-2016,https://wa.me/5541996642016,Imobiliária,"Guatupê, São José dos Pinhais",132,4.7,-25.5406371,-49.2753016,1
Condomínio Parque das Nações,"R. Anneliese Gellert Krigsner, 2607 - Iná, São José dos Pinhais - PR, 83065-470",,,,,Imobiliária,"Guatupê, São José dos Pinhais",169,4.3,-25.506828,-49.2506934,1
IMOBILIÁRIA RERHUS,"R. Anneliese Gellert Krigsner, 3493 - Iná, São José dos Pinhais - PR, 83065-470",,,,,Imobiliária,"Guatupê, São José dos Pinhais",,,-25.506828,-49.2506934,1
Condomínio Empresarial Guatupê,"R. Joroslau Sochaki, 933 - Ipê, São José dos Pinhais - PR, 83055-400",condominioguatupe.com.br,https://www.condominioguatupe.com.br,,,Imobiliária,"Guatupê, São José dos Pinhais",25,4.8,-25.506828,-49.2506934,1
Condominio Moradias do Arvoredo II,"R. Anneliese Gellert Krigsner, 3202 - Afonso Pena, São José dos Pinhais - PR, 83065-470",,,,,Imobiliária,"Guatupê, São José dos Pinhais",94,4.7,-25.506828,-49.2506934,1
Guatupê,,,,,,Imobiliária,"Guatupê, São José dos Pinhais",,,-25.4867661,-49.2209195,1
New Horizon Imóveis,"R. Onofre Holthman, 321 - Rio Pequeno, São José dos Pinhais - PR, 83085-520",,,,,Imobiliária,"Guatupê, São José dos Pinhais",8,4.3,-25.4867661,-49.2209195,1
O Engenheiro Engenharia Civil,"Av. Rui Barbosa, 2221 - SALA 01 - Guatupê, São José dos Pinhais - PR, 83055-430",instagram.com,https://www.instagram.com,(41) 98505-8826,https://wa.me/5541985058826,Imobiliária,"Guatupê, São José dos Pinhais",21,5.0,-25.4867661,-49.2209195,1
Empreiteira Najibe Construções e Reformas,"R. Tijucas - Guatupê, São José dos Pinhais - PR, 83060-570",,,(41) 99785-0043,https://wa.me/5541997850043,Imobiliária,"Guatupê, São José dos Pinhais",5,5.0,-25.4867661,-49.2209195,1
Gerar Documentações - Correspondente Caixa Aqui,"R. Dr. Carlos do Nascimento, 224 - Guatupê, São José dos Pinhais - PR, 83060-360",gerardocumentacoes.com,https://www.gerardocumentacoes.com,(41) 99806-0618,https://wa.me/5541998060618,Imobiliária,"Guatupê, São José dos Pinhais",17,5.0,-25.4982336,-49.2241823,1
ZM Imobiliária,"R. Adir Pedroso, 1320 - 01 - Iná, São José dos Pinhais - PR, 83065-110",,,(41) 99847-0252,https://wa.me/5541998470252,Imobiliária,"Guatupê, São José dos Pinhais",1,1.0,-25.4982336,-49.2241823,1
Coral Park Condominium,"R. Padre Antônio Darius, 100 - Iná, São José dos Pinhais - PR, 83065-050",,,,,Imobiliária,"Guatupê, São José dos Pinhais",130,4.7,-25.5322244,-49.27544,1
Residencial Sao Jose II,"R. Anneliese Gellert Krigsner, 3033 - Afonso Pena, São José dos Pinhais - PR, 83065-470",,,,,Imobiliária,"Guatupê, São José dos Pinhais",44,4.2,-25.5366252,-49.2734062,1
Steel System Incorporações,"R. José Bordin, 168 - Braga, São José dos Pinhais - PR, 83020-000",steelsystem.com.br,https://www.steelsystem.com.br,(41) 99556-0135,https://wa.me/5541995560135,Imobiliária,"Guatupê, São José dos Pinhais",,,-25.50387,-49.2358317,1
Condomínio Residencial Central Park - São José dos Pinhais,"R. Orestes Persegona - Parque da Fonte, São José dos Pinhais - PR, 83050-620",,,(41) 99806-8049,https://wa.me/5541998068049,Imobiliária,"Guatupê, São José dos Pinhais",,,-25.50387,-49.2358317,1
Meneghim Transportes Ltda,"R. Fazenda Guatupê, 251 - Guatupê, São José dos Pinhais - PR, 83060-646",,,(41) 3327-4343,https://wa.me/554133274343,Imobiliária,"Guatupê, São José dos Pinhais",133,4.5,-25.50387,-49.2358317,1
Condomínio Residencial Aruba,"R. Anneliese Gellert Krigsner, 3073 - Afonso Pena, São José dos Pinhais - PR, 83065-470",,,,,Imobiliária,"Guatupê, São José dos Pinhais",68,4.4,-25.5390861,-49.2754598,1
"CONSTRUTORA BATISTA - Construímos Casas, Sobrados, Prédios","R. Franciszek Olencewicz, 596 - Guatupê, São José dos Pinhais - PR, 83060-510",,,(41) 99832-4449,https://wa.me/5541998324449,Imobiliária,"Guatupê, São José dos Pinhais",3,3.7,-25.5359655,-49.2745938,1
Condomínio Moradias do Arvoredo IV,"R. Adir Pedroso, 777 - Bloco 04 Apto 43 - Afonso Pena, São José dos Pinhais - PR, 83065-110",,,,,Imobiliária,"Guatupê, São José dos Pinhais",95,4.7,-25.4971308,-49.2103708,1
Grupo Imobiliário GP,"Ipê, São José dos Pinhais - State of Paraná",,,,,Imobiliária,"Guatupê, São José dos Pinhais",,,-25.4971308,-49.2103708,1
* www.mariabatista.net.br,"R. Alfredo Mulhsted Filho, 635 - Iná, São José dos Pinhais - PR, 83065-030",mariabatista.net.br,https://www.mariabatista.net.br,(41) 99603-4785,https://wa.me/5541996034785,Imobiliária,"Guatupê, São José dos Pinhais",,,-25.5078833,-49.2493717,1
Ilumi Art Elétrica criativa e marido de aluguel,"R. Antônio Francisco de Andrade, 1223 - Guatupê, São José dos Pinhais - PR, 83060-525",,,,,Imobiliária,"Guatupê, São José dos Pinhais",,,-25.5078833,-49.2493717,1
Aquarela São José,"R. dos Lírios, 985 - Parque da Fonte, São José dos Pinhais - PR, 83050-620",,,(41) 3534-5765,https://wa.me/554135345765,Imobiliária,"Guatupê, São José dos Pinhais",14,5.0,-25.4930948,-49.2444493,1
Publistar Construções Ltda,"R. Anna Ferreira de Camargo, 609 - Guatupê, São José dos Pinhais - PR, 83060-330",ueniweb.com,https://www.ueniweb.com,(41) 99796-9459,https://wa.me/5541997969459,Imobiliária,"Guatupê, São José dos Pinhais",,,-25.5009998,-49.2210925,1
Guimarães Reformas,"R. João Maria Góes, 850 - Guatupê, São José dos Pinhais - PR, 83060-206",,,,,Imobiliária,"Guatupê, São José dos Pinhais",,,-25.5009998,-49.2210925,1
Jardim Ipe São José dos pinhais,"R. Rio Iguaçu - Ipê, São José dos Pinhais - PR, 83055-056",,,,,Imobiliária,"Jardim Ipê, São José dos Pinhais",2,5.0,-25.5009883,-49.2210925,1
Casa residencial,"R. Alice Nascimento Sbrissia, 97 - Ipê, São José dos Pinhais - PR, 83055-430",,,(41) 3385-1226,https://wa.me/554133851226,Imobiliária,"Jardim Ipê, São José dos Pinhais",3,5.0,-25.5009883,-49.2210925,1
Ipê,,,,,,Imobiliária,"Jardim Ipê, São José dos Pinhais",,,-25.5009883,-49.2210925,1
casa ipê,"R. Laérte Fenelon, 306 - Ipê, São José dos Pinhais - PR, 83055-050",,,(41) 99681-1817,https://wa.me/5541996811817,Imobiliária,"Jardim Ipê, São José dos Pinhais",,,-25.4791292,-49.241646,1
Condomínio Residencial Alamandas,"R. João Greschuk Neto, 35 - Ipê, São José dos Pinhais - PR, 83055-182",garantiaincorporadora.com.br,https://www.garantiaincorporadora.com.br,(41) 99204-0106,https://wa.me/5541992040106,Imobiliária,"Jardim Ipê, São José dos Pinhais",11,4.1,-25.4791292,-49.241646,1
VALDEMAR 9999-99999,"R. 2, 51 - Ipê, São José dos Pinhais - PR",,,,,Imobiliária,"Jardim Ipê, São José dos Pinhais",,,-25.4791292,-49.241646,1
Rogério M. de Paula,"Av. Rui Barbosa, 4331 - Iná, São José dos Pinhais - PR, 83065-260",,,(47) 99637-5082,https://wa.me/5547996375082,Imobiliária,"Jardim Ipê, São José dos Pinhais",2,4.5,-25.4791292,-49.241646,1
Emso Engenharia,"R. Sofía M Moresche - Ipê, São José dos Pinhais - PR, 83055-500",,,(41) 99843-1888,https://wa.me/5541998431888,Imobiliária,"Jardim Ipê, São José dos Pinhais",,,-25.5426335,-49.2757817,1
Edificio San Marino,"R. Francisco Alves, 576 - Parque da Fonte, São José dos Pinhais - PR, 83050-420",,,(41) 99889-1523,https://wa.me/5541998891523,Imobiliária,"Jardim Ipê, São José dos Pinhais",6,4.8,-25.5398811,-49.2712872,1
Residential Condominium Tenerife,"Tv. Luziâno Cordeiro, 1050 - Afonso Pena, São José dos Pinhais - PR, 83050-020",,,(41) 99768-8471,https://wa.me/5541997688471,Imobiliária,"Jardim Ipê, São José dos Pinhais",,,-25.5322244,-49.27544,1
Condominio Ilhas Maldivas,"R. Aníbal Silva, 1159 - Parque da Fonte, São José dos Pinhais - PR, 83050-170",,,,,Imobiliária,"Jardim Ipê, São José dos Pinhais",44,4.4,-25.4985781,-49.2538076,1
Condominio Residencial Florida,"R. Octávio Cim, 1227 - Parque da Fonte, São José dos Pinhais - PR, 83050-520",,,(41) 99823-9696,https://wa.me/5541998239696,Imobiliária,"Jardim Ipê, São José dos Pinhais",87,4.1,-25.4985781,-49.2538076,1
Residencial Itacaré,"R. Prof. Thales de Souza e Silva, 1211 - Parque da Fonte, São José dos Pinhais - PR, 83050-180",,,,,Imobiliária,"Jardim Ipê, São José dos Pinhais",2,5.0,-25.4985781,-49.2538076,1
N8 Incorporadora,"R. Francisco Munõz Madrid, 625 - Roseira de São Sebastião, São José dos Pinhais - PR, 83070-152",n8incorporadora.com,https://www.n8incorporadora.com,4004-4864,https://wa.me/5540044864,Imobiliária,"Jardim Ipê, São José dos Pinhais",1,5.0,-25.4985781,-49.2538076,1
Ecoparque Bairros Integrados,"Rua Francisco Munoz Madrid, 625, Brcao, 411 - Bloco 04, São José dos Pinhais - PR, 83070-152",ecoparque.com.br,https://www.ecoparque.com.br,(41) 99739-1707,https://wa.me/5541997391707,Imobiliária,"Jardim Ipê, São José dos Pinhais",2,4.5,-25.5155158,-49.2056163,1
Condomínio Ravenna,"R. Octávio Cim, 1235 - Parque da Fonte, São José dos Pinhais - PR, 83050-520",,,,,Imobiliária,"Jardim Ipê, São José dos Pinhais",31,4.4,-25.5155158,-49.2056163,1
Condomínio Vivendas do Sol,"R. Anneliese Gellert Krigsner, 3085 - Iná, São José dos Pinhais - PR, 83065-470",mdibrasil.com.br,https://www.mdibrasil.com.br,(41) 99937-9851,https://wa.me/5541999379851,Imobiliária,"Jardim Ipê, São José dos Pinhais",3,5.0,-25.4959375,-49.251635,1
Condomínio Bosque da Fonte,"R. Leônidas Sechi, 136 - Afonso Pena, São José dos Pinhais - PR, 83050-330",,,,,Imobiliária,"Jardim Ipê, São José dos Pinhais",1,5.0,-25.4959375,-49.251635,1
Jardim ipê,"R. Vicente Vahovicz, 295 - Ipê, São José dos Pinhais - PR, 83055-230",,,,,Imobiliária,"Jardim Ipê, São José dos Pinhais",6,4.0,-25.4959375,-49.251635,1
Raphael Gomes Imóveis,,raphaelgomesimoveis.com.br,https://www.raphaelgomesimoveis.com.br,(41) 99622-3025,https://wa.me/5541996223025,Imobiliária,"Jardim Ipê, São José dos Pinhais",55,5.0,-25.4959375,-49.251635,1
Solange Delfim Consultora de Imóveis,"R. François Voltaire, 288 - Aristocrata, São José dos Pinhais - PR, 83030-090",solangedelfimimoveis.com.br,https://www.solangedelfimimoveis.com.br,(41) 98804-1734,https://wa.me/5541988041734,Imobiliária,"Jardim Ipê, São José dos Pinhais",26,3.8,-25.5867088,-49.2272382,1
Condomínio La Bella Toscana,"R. Alfredo Pinto, 941 - Parque da Fonte, São José dos Pinhais - PR, 83050-320",,,,,Imobiliária,"Jardim Ipê, São José dos Pinhais",,,-25.5428971,-49.2878785,1
Condomínio porto belo,"R. Laura Belino Viêira, 501 - Iná, São José dos Pinhais - PR, 83065-484",,,,,Imobiliária,"Jardim Ipê, São José dos Pinhais",,,-25.4918545,-49.25205,1
Lili Locações,"Rua Videira, 178 - Borda do Campo, São José dos Pinhais - PR, 83075-130",lililocacoes.my.canva.site,https://www.lililocacoes.my.canva.site,(41) 99559-8631,https://wa.me/5541995598631,Imobiliária,"Borda do Campo, São José dos Pinhais",76,5.0,-25.456779,-49.5773271,1
Vendo dois terrenos cada um com 360m²,"BR-277, 90 - Borda do Campo, São José dos Pinhais - PR, 83075-970",dagacorretor.com.br,https://www.dagacorretor.com.br,(41) 99972-9728,https://wa.me/5541999729728,Imobiliária,"Borda do Campo, São José dos Pinhais",,,-25.5332522,-49.3804029,1
Borda do Campo,,,,,,Imobiliária,"Borda do Campo, São José dos Pinhais",,,-25.5332522,-49.3804029,1
Condomínio Chácaras Don Rodrigo,"Estr. da Roseira, 7900 - Borda do Campo de São Sebastião, São José dos Pinhais - PR, 83075-010",,,(41) 3282-9298,https://wa.me/554132829298,Imobiliária,"Borda do Campo, São José dos Pinhais",,,-25.5300104,-49.1773208,1
Rodrigo França dias da Silva,"R. São Jorge - Roseira de São Sebastião, São José dos Pinhais - PR, 83070-180",francaconsultorimoveis.com.br,https://www.francaconsultorimoveis.com.br,(41) 99579-0173,https://wa.me/5541995790173,Imobiliária,"Borda do Campo, São José dos Pinhais",,,-25.5300104,-49.1773208,1
Janela de Alumínio e Vidraçaria Bela Vista Curitiba,"JOSE LUIZ CHIURATTO, 185 - BRCAO A - Borda do Campo, São José dos Pinhais - PR, 83075-460",,,(41) 99873-1765,https://wa.me/5541998731765,Imobiliária,"Borda do Campo, São José dos Pinhais",37,5.0,-25.553283,-49.1612308,1
Cadwalltec,"R. Andre Perbiche, 556 - Borda do Campo, São José dos Pinhais - PR, 83075-420",,,(41) 99989-9539,https://wa.me/5541999899539,Imobiliária,"Borda do Campo, São José dos Pinhais",,,-25.553283,-49.1612308,1
Imobiliária em Araucária - Araucasa,"Av. Dr. Vítor do Amaral, 693 - Centro, Araucária - PR, 83702-040",araucasa.com.br,https://www.araucasa.com.br,(41) 3031-3034,https://wa.me/554130313034,Imobiliária,"Centro, Araucária",146,4.6,-25.5874177,-49.4137357,1
Apolar Imóveis Araucária,"R. Dr. Guilherme da Mota Corrêa, 303 - Centro, Araucária - PR, 83702-210",apolar.com.br,https://www.apolar.com.br,(41) 3150-1269,https://wa.me/554131501269,Imobiliária,"Centro, Araucária",349,4.4,-25.5874177,-49.4137357,1
Imobiliária Barracão,"Av. Dr. Vítor do Amaral, 512 - loja 02, Centro - Centro, Araucária - PR, 83702-040",imobiliariabarracao.com.br,https://www.imobiliariabarracao.com.br,(41) 3642-3211,https://wa.me/554136423211,Imobiliária,"Centro, Araucária",146,4.0,-25.5874177,-49.4137357,1
Manoel Ozório Imóveis,"R. Maj. Sezino Pereira de Souza, 888 - sala 03 - Centro, Araucária - PR, 83702-270",manoelozorioimoveis.com.br,https://www.manoelozorioimoveis.com.br,(41) 3031-7900,https://wa.me/554130317900,Imobiliária,"Centro, Araucária",62,4.3,-25.5874177,-49.4137357,1
Mundolar Imóveis,"Av. Dr. Vítor do Amaral, 568 - Centro, Araucária - PR, 83702-040",mundolar.com.br,https://www.mundolar.com.br,(41) 3552-1659,https://wa.me/554135521659,Imobiliária,"Centro, Araucária",259,4.9,-25.591079,-49.422533,1
Canadá Imóveis,"Av. Dr. Vítor do Amaral, 390 - Centro, Araucária - PR, 83702-040",canadaimoveis.net,https://www.canadaimoveis.net,(41) 3642-1541,https://wa.me/554136421541,Imobiliária,"Centro, Araucária",89,4.0,-25.591079,-49.422533,1
Real Estate São Paulo,"Av. Dr. Vítor do Amaral, 588 - Centro, Araucária - PR, 83702-040",imobiliariasaopaulo.com.br,https://www.imobiliariasaopaulo.com.br,(41) 3642-3210,https://wa.me/554136423210,Imobiliária,"Centro, Araucária",113,4.1,-25.591079,-49.422533,1
Imobiliária Doci Araucária,"Av. Dr. Vítor do Amaral, 197 - Centro, Araucária - PR, 83702-040",imobiliariadoci.com.br,https://www.imobiliariadoci.com.br,(41) 3607-1830,https://wa.me/554136071830,Imobiliária,"Centro, Araucária",31,4.6,-25.591079,-49.422533,1
Odppis Imóveis,"R. Prof. Alfredo Parodi, 870 - Centro, Araucária - PR, 83702-070",odpimoveis.com.br,https://www.odpimoveis.com.br,(41) 3642-2121,https://wa.me/554136422121,Imobiliária,"Centro, Araucária",149,5.0,-25.591079,-49.422533,1
Mundolar Imóveis,"R. Agrimensor Carlos Hasselman, 227 - Fazenda Velha, Araucária - PR, 83703-330",mundolar.com.br,https://www.mundolar.com.br,(41) 3552-2727,https://wa.me/554135522727,Imobiliária,"Centro, Araucária",828,4.9,-25.591079,-49.422533,1
Imobiliária Ativa Ltda | Araucária - PR,"Av. Dr. Vítor do Amaral, 402 - Centro, Araucária - PR, 83702-040",imoveisativa.com,https://www.imoveisativa.com,(41) 98427-4883,https://wa.me/5541984274883,Imobiliária,"Centro, Araucária",10,4.7,-25.591079,-49.422533,1
KIR Imóveis - Imobiliária em Araucária,"R. Maj. Sezino Pereira de Souza, 676 - Sala 8 - Centro, Araucária - PR, 83702-270",krcorretoradeimoveis.com.br,https://www.krcorretoradeimoveis.com.br,(41) 99888-6677,https://wa.me/5541998886677,Imobiliária,"Centro, Araucária",4,5.0,-25.591079,-49.422533,1
VKR Empreendimentos Imobiliários,"R. Pedro Druszcz, 440 - Centro, Araucária - PR, 83702-080",vkrempreendimentos.com.br,https://www.vkrempreendimentos.com.br,(41) 99906-7811,https://wa.me/5541999067811,Imobiliária,"Centro, Araucária",262,4.2,-25.591079,-49.422533,1
LJC Imóveis LTDA,"Av. Archelau de Almeida Tôrres, 374 - Centro, Araucária - PR, 83702-185",ljcimoveis.com.br,https://www.ljcimoveis.com.br,(41) 3048-6917,https://wa.me/554130486917,Imobiliária,"Centro, Araucária",49,4.0,-25.591079,-49.422533,1
MMR Imoveis - Araucária,"Praça Dr. Vicente Machado, 92 - Centro, Araucária - PR, 82702-035",mmrimoveis.imb.br,https://www.mmrimoveis.imb.br,(41) 99686-2175,https://wa.me/5541996862175,Imobiliária,"Centro, Araucária",10,5.0,-25.591079,-49.422533,1
Imobiliária Poliimóveis,"R. Pedro Druszcz, 50 - Centro, Araucária - PR, 83702-080",poliimoveis.com.br,https://www.poliimoveis.com.br,(41) 3643-2222,https://wa.me/554136432222,Imobiliária,"Centro, Araucária",36,3.8,-25.591079,-49.422533,1
Causa Imóveis,"R. São Vicente de Paulo, 114 - Centro, Araucária - PR, 83702-050",causaimoveis.com.br,https://www.causaimoveis.com.br,(41) 99596-9646,https://wa.me/5541995969646,Imobiliária,"Centro, Araucária",39,4.7,-25.591079,-49.422533,1
Versatto Imóveis,"Av. Dr. Vítor do Amaral - Centro, Araucária - PR, 83702-040",versattoimoveis.com.br,https://www.versattoimoveis.com.br,(41) 99880-8934,https://wa.me/5541998808934,Imobiliária,"Centro, Araucária",13,5.0,-25.591079,-49.422533,1
Gonçalves e Bejes Consultoria Imobiliária,"Av. Archelau de Almeida Tôrres, 197 - Centro, Araucária - PR, 83702-185",gonçalvesebejes.com.br,https://www.gonçalvesebejes.com.br,(41) 99257-9334,https://wa.me/5541992579334,Imobiliária,"Centro, Araucária",,,-25.591079,-49.422533,1
OFERTA IMÓVEIS,"Av. Independência, 888 - Porto das Laranjeiras, Araucária - PR, 83703-245",ofertaimoveis.com.br,https://www.ofertaimoveis.com.br,(41) 99877-1980,https://wa.me/5541998771980,Imobiliária,"Centro, Araucária",232,5.0,-25.591079,-49.422533,1
SonhoLar - Imóveis,"Tv. Santos Dumont, 187 - Centro, Araucária - PR, 83702-000",sonholarimoveis.com.br,https://www.sonholarimoveis.com.br,(41) 99630-0216,https://wa.me/5541996300216,Imobiliária,"Centro, Araucária",15,4.7,-25.5831088,-49.4321445,1
Assessoria Imobiliária J.K,"R. Jorge Antônio Mansur, 55 - Centro, Araucária - PR, 83702-480",,,(41) 3642-1427,https://wa.me/554136421427,Imobiliária,"Centro, Araucária",,,-25.5803042,-49.4126099,1
JRP Imóveis,"R. José Hutner, 370 - Fazenda Velha, Araucária - PR, 83703-340",jrpimoveis.com.br,https://www.jrpimoveis.com.br,(41) 3642-8840,https://wa.me/554136428840,Imobiliária,"Centro, Araucária",46,4.7,-25.5938981,-49.4273616,1
Atitude Imóveis - Imobiliária,"Av. Dr. Vítor do Amaral, 1020 - Centro, Araucária - PR, 83702-040",atitudeimoveis.com,https://www.atitudeimoveis.com,(41) 3607-2364,https://wa.me/554136072364,Imobiliária,"Centro, Araucária",20,4.3,-25.578601,-49.4181494,1
Mundolar Imoveis-loja 02,"R. São Vicente de Paulo, 185 - Centro, Araucária - PR, 83702-050",mundolar.com.br,https://www.mundolar.com.br,(41) 3552-1659,https://wa.me/554135521659,Imobiliária,"Centro, Araucária",5,5.0,-25.578601,-49.4181494,1
Kero Imoveis F2,"R. São Vicente de Paulo, 205 - 4° andar sala 6 - Centro, Araucária - PR, 83702-050",keroimoveis.com,https://www.keroimoveis.com,(41) 98752-7738,https://wa.me/5541987527738,Imobiliária,"Centro, Araucária",8,4.9,-25.578601,-49.4181494,1
Habitação Araucária,"R. Manoel Ribas, 273 - Centro, Araucária - PR, 83702-035",,,,,Imobiliária,"Centro, Araucária",10,3.8,-25.578601,-49.4181494,1
Zadurski Imóveis,"R. Djalma Pizzato Fruet, 276 - Cachoeira, Araucária - PR, 83701-620",,,(41) 3642-3116,https://wa.me/554136423116,Imobiliária,"Centro, Araucária",22,4.4,-25.578601,-49.4181494,1
Morar Bem Araucária,"Tv. Srg. Ernesto Ferreira da Silva, 46 - Centro, Araucária - PR, 83702-150",morarbemaraucaria.com.br,https://www.morarbemaraucaria.com.br,(41) 99692-5655,https://wa.me/5541996925655,Imobiliária,"Centro, Araucária",,,-25.578601,-49.4181494,1
Alugandose,"R. Papa João XXIII, 440 - Centro, Araucária - PR, 83702-023",,,(41) 99660-7720,https://wa.me/5541996607720,Imobiliária,"Centro, Araucária",2,5.0,-25.578601,-49.4181494,1
Nascimento Imóveis Araucária - Imobiliária,"R. João Batista Ribas, 12 - Cachoeira, Araucária - PR, 83701-780",,,(41) 3031-7572,https://wa.me/554130317572,Imobiliária,"Centro, Araucária",,,-25.5811191,-49.4075668,1
P&V Imóveis,"Edifício Onix Trade Center - Av. Dr. Vítor do Amaral, 588 - Sala 14 - Centro, Araucária - PR, 83702-040",pvimoveis.com,https://www.pvimoveis.com,(41) 99854-1910,https://wa.me/5541998541910,Imobiliária,"Centro, Araucária",16,5.0,-25.5811191,-49.4075668,1
Sensatez Imóveis,"R. Rio de Janeiro, 59 - Iguaçu, Araucária - PR, 83701-182",sensatezimoveis.com.br,https://www.sensatezimoveis.com.br,(41) 99690-5967,https://wa.me/5541996905967,Imobiliária,"Centro, Araucária",2,5.0,-25.5909287,-49.4207378,1
Imóveis Alicerce,"R. Manoel Ribas, 1143 - Loja 01 - Cachoeira, Araucária - PR, 83702-035",imoveisalicerce.com.br,https://www.imoveisalicerce.com.br,(41) 3031-7274,https://wa.me/554130317274,Imobiliária,"Centro, Araucária",10,3.9,-25.5962639,-49.4060902,1
Prado & Vasconcelos,"Av. Dr. Vítor do Amaral, 588 - Sala 14 - Centro, Araucária - PR, 83702-040",pvimoveis.com,https://www.pvimoveis.com,(41) 99854-1910,https://wa.me/5541998541910,Imobiliária,"Centro, Araucária",8,5.0,-25.5962639,-49.4060902,1
Tua Casa Consultoria Imobiliária,"R. dos Expedicionários Brasileiros, 87 - Centro, Araucária - PR, 83702-410",tuacasaimob.com.br,https://www.tuacasaimob.com.br,(41) 3048-1336,https://wa.me/554130481336,Imobiliária,"Centro, Araucária",3,5.0,-25.5909313,-49.4207383,1
Kero Imóveis,"Av. Archelau de Almeida Tôrres, 1876 - Iguaçu, Araucária - PR, 83701-145",keroimoveis.com,https://www.keroimoveis.com,(41) 3798-6958,https://wa.me/554137986958,Imobiliária,"Centro, Araucária",15,4.9,-25.5909313,-49.4207383,1
Odppis Engenharia & Consultoria Imobiliária,"R. Prof. Alfredo Parodi, 870 - Centro, Araucária - PR, 83702-070",odpengenhariaeavaliacoes.com.br,https://www.odpengenhariaeavaliacoes.com.br,(41) 99902-1226,https://wa.me/5541999021226,Imobiliária,"Centro, Araucária",1,5.0,-25.5985396,-49.4045427,1
Araucaria Real Estate Registry Office,"R. Maj. Sezino Pereira de Souza, 506 - Centro, Araucária - PR, 83702-270",riaraucaria.com.br,https://www.riaraucaria.com.br,(41) 3642-1137,https://wa.me/554136421137,Imobiliária,"Centro, Araucária",48,2.4,-25.588762,-49.4179948,1
Alpha Soluções Imobiliárias,"Av. Dr. Vítor do Amaral, 588 - Centro, Araucária - PR, 83702-040",instagram.com,https://www.instagram.com,(41) 98900-9845,https://wa.me/5541989009845,Imobiliária,"Centro, Araucária",81,5.0,-25.588762,-49.4179948,1
Mariluci Corretora Imobiliária Araucária,"R. Padre José Damek, 89 - Porto das Laranjeiras, Araucária - PR, 83703-250",mariluciimoveis.com.br,https://www.mariluciimoveis.com.br,(41) 99548-5314,https://wa.me/5541995485314,Imobiliária,"Centro, Araucária",10,5.0,-25.588762,-49.4179948,1
EURO EMPREENDIMENTOS,"R. Maj. Sezino Pereira de Souza, 842 - Centro, Araucária - PR, 83702-270",euroempreendimentos.com,https://www.euroempreendimentos.com,(41) 99801-3003,https://wa.me/5541998013003,Imobiliária,"Centro, Araucária",79,4.4,-25.5827652,-49.4306822,1
Prime Assessoria Imobiliária - Caixa Aqui,"R. Maj. Sezino Pereira de Souza, 651 - Centro, Araucária - PR, 83702-270",caixaaquiprime.com.br,https://www.caixaaquiprime.com.br,(41) 3607-7082,https://wa.me/554136077082,Imobiliária,"Centro, Araucária",5,5.0,-25.5827652,-49.4306822,1
Vivalar Imóveis - CSU / Araucária,"R. Irmã Elizabeth Werka, 76 - Fazenda Velha, Araucária - PR, 83704-580",imoveisvivalar.com.br,https://www.imoveisvivalar.com.br,(41) 99817-0467,https://wa.me/5541998170467,Imobiliária,"Centro, Araucária",1,5.0,-25.5827652,-49.4306822,1
Unidade de Negócio Ademicon / Araucária,"Av. Dr. Vítor do Amaral, 1020 - Centro, Araucária - PR, 83702-040",unidades.ademicon.com.br,https://www.unidades.ademicon.com.br,(41) 3150-1257,https://wa.me/554131501257,Imobiliária,"Centro, Araucária",11,4.6,-25.5751601,-49.41843,1
RGC IMÓVEIS,"Centro, Araucária - State of Paraná, 83702-040",,,(41) 3642-6900,https://wa.me/554136426900,Imobiliária,"Centro, Araucária",,,-25.5751601,-49.41843,1
KWS CORRESPONDENTE IMOBILIÁRIO LTDA,"R. Manoel Ribas, 100 - Sala 31 - Centro, Araucária - PR, 83702-040",,,(41) 3150-1665,https://wa.me/554131501665,Imobiliária,"Centro, Araucária",4,4.8,-25.5935724,-49.4252975,1
CL Corretores de Imóveis,"Av. Archelau de Almeida Tôrres, 197 - conj. 03 - 1° andar - Centro, Araucária - PR, 83702-185",meuairgo.com.br,https://www.meuairgo.com.br,(41) 99741-5439,https://wa.me/5541997415439,Imobiliária,"Centro, Araucária",,,-25.5827212,-49.4156432,1
Saia do aluguel,"Av. Archelau de Almeida Tôrres, 197 - Centro, Araucária - PR, 83702-090",,,(41) 99763-2603,https://wa.me/5541997632603,Imobiliária,"Centro, Araucária",,,-25.5827212,-49.4156432,1
ConstruCasa Araucária,"R. Prof. Alfredo Parodi, 1283 - Centro, Araucária - PR, 83702-070",construcasa.blog.br,https://www.construcasa.blog.br,(41) 99679-9552,https://wa.me/5541996799552,Imobiliária,"Centro, Araucária",2,5.0,-25.5827212,-49.4156432,1
Nacional Lar,"Rua Luíz Armando Ohpis, 466 - Fazenda Velha, Araucária - PR, 83705-072",nacionallar.com.br,https://www.nacionallar.com.br,(41) 99611-9209,https://wa.me/5541996119209,Imobiliária,"Centro, Araucária",,,-25.5827212,-49.4156432,1
Imobiliária São Paulo,"R. Agrimensor Carlos Hasselman, 563 - Fazenda Velha, Araucária - PR, 83703-330",,,,,Imobiliária,"Centro, Araucária",3,2.3,-25.5827212,-49.4156432,1
CLÁUDIO RODRIGUES,"R. São Vicente de Paulo, 205 - 4 Andar , Sala 04 - Centro, Araucária - PR, 83702-050",claudiorodrigues.imb.br,https://www.claudiorodrigues.imb.br,(41) 3073-0920,https://wa.me/554130730920,Imobiliária,"Centro, Araucária",,,-25.5827212,-49.4156432,1
Projeção Regularização Imobiliária,"R. Pedro Druszcz, 302 - Centro, Araucária - PR, 83702-080",,,,,Imobiliária,"Centro, Araucária",,,-25.5827212,-49.4156432,1
Mundolar Imóveis-loja 03,"R. Irmã Elizabeth Werka, 76 - Fazenda Velha, Araucária - PR, 83704-580",facebook.com,https://www.facebook.com,(41) 3031-3733,https://wa.me/554130313733,Imobiliária,"Centro, Araucária",5,5.0,-25.5827212,-49.4156432,1
Sant'Ana Imóveis,"R. Bahia, 711 - Iguaçu, Araucária - PR, 83701-220",,,(41) 3642-3089,https://wa.me/554136423089,Imobiliária,"Centro, Araucária",1,3.0,-25.5827212,-49.4156432,1
Central de Vendas VKR,"R. Pedro Druszcz, 474 - Centro, Araucária - PR, 83702-080",,,,,Imobiliária,"Centro, Araucária",,,-25.6013204,-49.4074325,1
Alicerce Imóveis,"R. Agrimensor Carlos Hasselman, 531 - Fazenda Velha, Araucária - PR, 83703-330",imoveisalicerce.com.br,https://www.imoveisalicerce.com.br,,,Imobiliária,"Centro, Araucária",1,1.0,-25.5934827,-49.4204717,1
IMOBILIÁRIA IGUAÇU,"Av. Archelau de Almeida Tôrres, 2113 - Iguaçu, Araucária - PR, 83702-180",,,(41) 3642-2442,https://wa.me/554136422442,Imobiliária,"Centro, Araucária",2,4.5,-25.5782854,-49.4203114,1
Mega Lar Properties,"R. Alexandre Wisocki, 342 - Fazenda Velha, Araucária - PR, 83703-410",facebook.com,https://www.facebook.com,(41) 99649-6267,https://wa.me/5541996496267,Imobiliária,"Centro, Araucária",,,-25.5996337,-49.4022952,1
Efatá Corretora De Imóveis,"R. Celeste Zeni Cantador, 378 - Fazenda Velha, Araucária - PR, 83703-280",,,(41) 99895-8904,https://wa.me/5541998958904,Imobiliária,"Centro, Araucária",,,-25.5781307,-49.4189694,1
Aline Tenorio Advocacia Imobiliária & Cível,"Av. Archelau de Almeida Tôrres, 197 - 1 andar - Centro, Araucária - PR, 83702-185",,,(41) 99122-6315,https://wa.me/5541991226315,Imobiliária,"Centro, Araucária",,,-25.5781307,-49.4189694,1
Vivalar Imóveis - Imobiliária em Araucária,"Av. Archelau de Almeida Tôrres, 2706 - Iguaçu, Araucária - PR, 83701-145",imoveisvivalar.com.br,https://www.imoveisvivalar.com.br,(41) 4114-0383,https://wa.me/554141140383,Imobiliária,"Iguaçu, Araucária",283,4.8,-25.5996337,-49.4022952,1
Condomínio Porto Iguaçu,"R. Paranavaí, 100 - Iguaçu, Araucária - PR, 83701-385",rottasconstrutora.com.br,https://www.rottasconstrutora.com.br,(41) 99872-0555,https://wa.me/5541998720555,Imobiliária,"Iguaçu, Araucária",7,4.9,-25.5887445,-49.4180252,1
Slobimoveis,"R. Agrimensor Carlos Hasselman, 483 - Salas 02 e 03 - Fazenda Velha, Araucária - PR, 83703-330",slobimoveis.com.br,https://www.slobimoveis.com.br,(41) 99681-6746,https://wa.me/5541996816746,Imobiliária,"Iguaçu, Araucária",57,4.9,-25.5895766,-49.4178825,1
Tríade Imóveis Araucária,"Tv. Srg. Ernesto Ferreira da Silva, 35 - Sala 02 - Centro, Araucária - PR, 83702-150",triadeimoveisaraucaria.com.br,https://www.triadeimoveisaraucaria.com.br,(41) 99814-1744,https://wa.me/5541998141744,Imobiliária,"Iguaçu, Araucária",43,4.9,-25.5895766,-49.4178825,1
Casas Iguaçu,"Av. Archelau de Almeida Tôrres, 914 - Cachoeira, Araucária - PR, 83702-185",facebook.com,https://www.facebook.com,(41) 3552-5318,https://wa.me/554135525318,Imobiliária,"Iguaçu, Araucária",84,4.9,-25.5895766,-49.4178825,1
CK IMÓVEIS,"R. Paulo Cantador, 693 - Costeira, Araucária - PR, 83709-120",,,(41) 99676-1116,https://wa.me/5541996761116,Imobiliária,"Iguaçu, Araucária",11,5.0,-25.5895766,-49.4178825,1
Imobiliária Belo Negócio,"sala 11 Edifício CCA, R. João Pessoa, 145 - Centro, Araucária - PR, 83702-280",imobiliariabelonegocio.com.br,https://www.imobiliariabelonegocio.com.br,(41) 99676-8075,https://wa.me/5541996768075,Imobiliária,"Iguaçu, Araucária",24,4.9,-25.6013204,-49.4074325,1
Imóveis R.S,"R. Maj. Sezino Pereira de Souza, 412 - Centro, Araucária - PR, 83702-270",rsaraucaria.com.br,https://www.rsaraucaria.com.br,(41) 3642-1320,https://wa.me/554136421320,Imobiliária,"Iguaçu, Araucária",96,4.9,-25.578601,-49.4181494,1
M&M Teixeira Empreendimentos Ltda,"Av. Archelau de Almeida Tôrres, 2706 - Iguaçu, Araucária - PR, 83701-145",,,(41) 99664-4641,https://wa.me/5541996644641,Imobiliária,"Iguaçu, Araucária",,,-25.592993,-49.4265964,1
Residencial Araucaria Green Village,"Tv. Green Village, 40 - Capela Velha, Araucária - PR, 83706-236",,,,,Imobiliária,"Capela Velha, Araucária",664,4.5,-25.6026799,-49.4288948,1
Residencial Carmelo Araucária,"R. das Palmeiras, 670 - Capela Velha, Araucária - PR, 83705-500",,,,,Imobiliária,"Capela Velha, Araucária",9,4.6,-25.5540609,-49.4682128,1
AGILIZA ASSESSORIA IMOBILIÁRIA,"Av dos Pinheiros, 1257 - Capela Velha, Araucária - PR, 83705-575",,,(41) 99169-5373,https://wa.me/5541991695373,Imobiliária,"Capela Velha, Araucária",,,-25.5540609,-49.4682128,1
San Diego condo Club,"R. Arapongas, 1528 - Capela Velha, Araucária - PR, 83706-160",,,,,Imobiliária,"Capela Velha, Araucária",364,4.4,-25.5540609,-49.4682128,1
Casa em araucaria,"R. Zilda Arns, 280 - Capela Velha, Araucária - PR",,,(31) 97640-2777,https://wa.me/5531976402777,Imobiliária,"Capela Velha, Araucária",2,5.0,-25.5540609,-49.4682128,1
AGILIZA IMÓVEIS,"Rua Luíz Armando Ohpis, 466 - Fazenda Velha, Araucária - PR, 83705-072",agilizaimoveis.net,https://www.agilizaimoveis.net,(41) 99987-0951,https://wa.me/5541999870951,Imobiliária,"Capela Velha, Araucária",21,5.0,-25.5540609,-49.4682128,1
Ubaldo Imóveis,"R. Celeste Zeni Cantador, 49 - Fazenda Velha, Araucária - PR, 83704-530",ubaldoimoveis.com.br,https://www.ubaldoimoveis.com.br,(41) 3537-7995,https://wa.me/554135377995,Imobiliária,"Capela Velha, Araucária",18,5.0,-25.5540609,-49.4682128,1
Andrade Imóveis Araucária,"Rua Luíz Armando Ohpis, 294 - Estação, Araucária - PR, 83705-072",andradesimoveis.com.br,https://www.andradesimoveis.com.br,(41) 99151-3227,https://wa.me/5541991513227,Imobiliária,"Capela Velha, Araucária",15,4.1,-25.5540609,-49.4682128,1
NOVA ERA IMÓVEIS,"R. Maria Brunato Cantador, 61 - Sobreloja - Fazenda Velha, Araucária - PR, 83704-540",,,(41) 99644-5232,https://wa.me/5541996445232,Imobiliária,"Capela Velha, Araucária",1,5.0,-25.5540609,-49.4682128,1
"Capela velha, araucária,pr","R. Pomba, N° 1530 - Capela Velha, Araucária - PR, 83706-270",,,(41) 99900-6395,https://wa.me/5541999006395,Imobiliária,"Capela Velha, Araucária",4,5.0,-25.5540609,-49.4682128,1
Minha Casa Nova Oficial,"R. Manoel Ribas, 1489 - Cachoeira, Araucária - PR, 83702-035",,,(41) 99901-0959,https://wa.me/5541999010959,Imobiliária,"Capela Velha, Araucária",11,5.0,-25.5540609,-49.4682128,1
Palheta reformas e construção,"R. zeferino Palheta - Capela Velha, Araucária - PR",,,,,Imobiliária,"Capela Velha, Araucária",,,-25.5540609,-49.4682128,1
"ML BROKERS, IMOVEIS, CASA, SOBRADO, APARTAMENTOS, CHÁCARAS, SÍTIOS, IMOVEIS INDUSTRIAIS E COMERCIAIS..","SHOPING CENTRAL - Av. Dr. Vítor do Amaral, 1111 - SALA 04 - Centro, Araucária - PR, 83702-040",mlbrokers.com.br,https://www.mlbrokers.com.br,(41) 99113-8377,https://wa.me/5541991138377,Imobiliária,"Capela Velha, Araucária",1,5.0,-25.5540609,-49.4682128,1
Construtora Bella Arth,"R. Saracura, 1479 - Capela Velha, Araucária - PR, 83706-210",,,(41) 99229-6249,https://wa.me/5541992296249,Imobiliária,"Capela Velha, Araucária",,,-25.5540609,-49.4682128,1
EURO EMPREENDIMENTOS IMOBILIARIOS,"R. Dr. Vital Brasil, 81 - Fazenda Velha, Araucária - PR, 83705-174",euroempreendimentos.com,https://www.euroempreendimentos.com,,,Imobiliária,"Capela Velha, Araucária",2,4.0,-25.5540609,-49.4682128,1
Imobiliária GHN,"R. Miguel Bertolino Pizato, 2390 - Iguaçu, Araucária - PR, 83701-050",imovelweb.com.br,https://www.imovelweb.com.br,(41) 99631-4383,https://wa.me/5541996314383,Imobiliária,"Capela Velha, Araucária",2,5.0,-25.5540609,-49.4682128,1
Baumaister construtora,"Rua Àguia, 1259 - Capela Velha, Araucária - PR, 83706-180",,,,,Imobiliária,"Capela Velha, Araucária",,,-25.5540609,-49.4682128,1
Apartamento em Araucária,"R. Miguel Bertolino Pizato, 2390 - Iguaçu, Araucária - PR, 83701-050",vivareal.com.br,https://www.vivareal.com.br,(41) 99631-4383,https://wa.me/5541996314383,Imobiliária,"Capela Velha, Araucária",1,5.0,-25.5540609,-49.4682128,1
Condomínio Sol Nascente,"Rua Pinguim, 1440 - Capela Velha, Araucária - PR, 83706-060",,,,,Imobiliária,"Capela Velha, Araucária",13,4.6,-25.5540609,-49.4682128,1
Central de Vendas Elio Winter Araucária,"R. Roque Saad, 134 - Fazenda Velha, Araucária - PR, 83704-670",eliowinter.com.br,https://www.eliowinter.com.br,(41) 3352-5200,https://wa.me/554133525200,Imobiliária,"Capela Velha, Araucária",,,-25.5540609,-49.4682128,1
Residencial Cerejeiras,"R. Hussein Ali Dehaini, 80 - Costeira, Araucária - PR",,,,,Imobiliária,"Costeira, Araucária",42,4.6,-25.5540494,-49.4682128,1
Condominio Villaggio Ferrara,"R. Alberto Lesniowski, 188 - Costeira, Araucária - PR, 83709-100",,,(41) 3643-3716,https://wa.me/554136433716,Imobiliária,"Costeira, Araucária",59,4.4,-25.5540494,-49.4682128,1
Condominio Residencial Porto Gênova,"R. Carlos Vicente Zapxon, 1186 - Costeira, Araucária - PR, 83709-150",,,,,Imobiliária,"Costeira, Araucária",17,4.7,-25.5540494,-49.4682128,1
Residencial Morada Lúmina - Apartamento na planta,"R. Carlos Vicente Zapxon, 920 - Costeira, Araucária - PR, 83709-115",,,(41) 99906-4709,https://wa.me/5541999064709,Imobiliária,"Costeira, Araucária",6,4.3,-25.5540494,-49.4682128,1
Italy Park condominium Europe.,"R. José Gondek, 133 - Costeira, Araucária - PR, 83709-124",,,,,Imobiliária,"Costeira, Araucária",,,-25.5540494,-49.4682128,1
Comprar Casa Araucária,"R. Potinga, 526 - Iguaçu, Araucária - PR, 83701-520",,,,,Imobiliária,"Costeira, Araucária",1,5.0,-25.5540494,-49.4682128,1
Residencial Di Fiori I,"R. Lindolfo Luís Boel, 173 - Tindiquera, Araucária - PR, 83708-320",,,,,Imobiliária,"Costeira, Araucária",78,4.5,-25.6100685,-49.4569847,1
Condomínio Porto Royalle,"R. Maranhão, 2490 - Costeira, Araucária - PR, 83709-225",,,,,Imobiliária,"Costeira, Araucária",3,4.7,-25.6100685,-49.4569847,1
Residencial Sonho Real,"R. Deli de Brito Soares, 664 - Costeira, Araucária - PR, 83708-740",,,,,Imobiliária,"Costeira, Araucária",,,-25.6100685,-49.4569847,1
Cesar imóveis,"R. Manoel Ribas, 2197 - Centro, Araucária - PR, 83708-353",,,(41) 99633-3560,https://wa.me/5541996333560,Imobiliária,"Costeira, Araucária",,,-25.6100685,-49.4569847,1
Residencial San Francesco| Imóveis na planta em Araucária |,"R. das Flores, 171 - Campina da Barra, Araucária - PR, 83709-300",,,(41) 99906-4709,https://wa.me/5541999064709,Imobiliária,"Costeira, Araucária",11,4.6,-25.6100685,-49.4569847,1
Morada Florata,"R. Carlos Vicente Zapxon, 910-962 - Costeira, Araucária - PR, 83709-150",,,4199395117,https://wa.me/554199395117,Imobiliária,"Costeira, Araucária",,,-25.6001439,-49.4396675,1
Marcos Reis Consultor imobiliário,"R. Papa João XXIII, 1075 - Cachoeira, Araucária - PR, 83708-525",facebook.com,https://www.facebook.com,(41) 99670-1083,https://wa.me/5541996701083,Imobiliária,"Costeira, Araucária",8,5.0,-25.6001439,-49.4396675,1
Condomínio Residencial Nações Unidas,"Tindiquera, Araucária - State of Paraná, 83708-120",,,,,Imobiliária,"Costeira, Araucária",4,4.8,-25.6001439,-49.4396675,1
Residential Houses Sensei,"R. Lótus, 597 - Campina da Barra, Araucária - PR, 83709-500",,,(41) 3081-1700,https://wa.me/554130811700,Imobiliária,"Costeira, Araucária",196,4.5,-25.5932813,-49.4779113,1
Condomínio Chiari,"R. José Túlio, 194 - Cachoeira, Araucária - PR, 83708-600",,,,,Imobiliária,"Costeira, Araucária",18,4.0,-25.5932813,-49.4779113,1
Residencial Annapolis,"R. Bortolo Basso, 123 - Campina da Barra, Araucária - PR, 83709-500",,,,,Imobiliária,"Costeira, Araucária",,,-25.5932813,-49.4779113,1
Residential Lotus,"R. Lótus - Campina da Barra, Araucária - PR, 83709-500",,,,,Imobiliária,"Costeira, Araucária",102,4.5,-25.5932813,-49.4779113,1
Lavie Soluções Imobiliárias,"R. João Pessoa, 145 - Centro, Araucária - PR, 83702-040",laviesolucoesimob.com.br,https://www.laviesolucoesimob.com.br,(41) 99967-2799,https://wa.me/5541999672799,Imobiliária,"Costeira, Araucária",27,5.0,-25.6186513,-49.4372204,1
Condomínio Di Fiori II,"Rua Valentim Wall, 366 - Tindiquera, Araucária - PR, 83708-270",,,,,Imobiliária,"Costeira, Araucária",92,4.1,-25.5927312,-49.4783985,1
Residencial Acácias,"R. Mahmoud Hassan Traya - Costeira, Araucária - PR",,,,,Imobiliária,"Costeira, Araucária",26,4.2,-25.5927312,-49.4783985,1
Marco Oliveira | Consultoria Estratégica em Marketing para Imobiliárias em Araucária e Região.,,,,(41) 98823-5598,https://wa.me/5541988235598,Imobiliária,"Costeira, Araucária",1,5.0,-25.591079,-49.4766064,1
Residencial Camembert - MRV,"R. Marcelino Jasinski, 800 - Tindiquera, Araucária - PR, 83708-132",zapimoveis.glide.page,https://www.zapimoveis.glide.page,(41) 99187-0527,https://wa.me/5541991870527,Imobiliária,"Costeira, Araucária",17,4.8,-25.5320956,-49.3827986,1
Bruno Alves - Corretor de Imóveis em Araucária,,brunoalvesimoveis.com,https://www.brunoalvesimoveis.com,(41) 99947-6653,https://wa.me/5541999476653,Imobiliária,"Costeira, Araucária",,,-25.5885326,-49.4545898,1
Araucaria PR,"R. Minas Gerais, 387 - Costeira, Araucária - PR, 83709-000",,,,,Imobiliária,"Costeira, Araucária",58,4.7,-25.5915771,-49.4757993,1
Residencial Cardinali,"R. Jardineira, 156 - Bloco 2A apartamento 403 - Campina da Barra, Araucária - PR, 83709-310",cardinali.net.br,https://www.cardinali.net.br,,,Imobiliária,"Costeira, Araucária",31,4.5,-25.6071384,-49.4386995,1
NOVOLAR ARAUCÁRIA,"R. Santa Catarina, 885 - Cachoeira, Araucária - PR, 83701-205",novolararaucaria.com.br,https://www.novolararaucaria.com.br,(41) 99759-7593,https://wa.me/5541997597593,Imobiliária,"Tindiquera, Araucária",,,-25.580362,-49.4724928,1
RENOVARE NEGÓCIOS IMOBILIÁRIOS,"R. Yone Busse de Paula Xavier, 31 - sobreloja - Tatuquara, Curitiba - PR, 81470-345",imoveisrenovare.com.br,https://www.imoveisrenovare.com.br,(41) 98720-3421,https://wa.me/5541987203421,Imobiliária,"Tindiquera, Araucária",23,4.3,-25.580362,-49.4724928,1
ALICERCE IMÓVEIS,"R. Dr. Vital Brasil, 485 - Estação, Araucária - PR, 83705-174",imoveisalicerce.com.br,https://www.imoveisalicerce.com.br,(41) 99846-2026,https://wa.me/5541998462026,Imobiliária,"Tindiquera, Araucária",,,-25.5756596,-49.4673999,1
Residencial Spazio Campodoro,"R. Papa João XXIII, 440 - Cachoeira, Araucária - PR, 83708-525",,,,,Imobiliária,"Tindiquera, Araucária",506,4.5,-25.5756596,-49.4673999,1
Tindiquera,,,,,,Imobiliária,"Tindiquera, Araucária",,,-25.5756596,-49.4673999,1
Viação Tindiquera,"R. Coudelaria de Tindiquera, 113 - Sabiá, Araucária - PR, 83708-040",,,(41) 3641-9000,https://wa.me/554136419000,Imobiliária,"Tindiquera, Araucária",,,-25.5756596,-49.4673999,1
DIEGO LOPES IMOBILIÁRIA,"R. Jovenilson Américo de Oliveira, 741 - Tatuquara, Curitiba - PR, 81480-230",diegolopesimobiliaria.com.br,https://www.diegolopesimobiliaria.com.br,(41) 99222-7622,https://wa.me/5541992227622,Imobiliária,"Tindiquera, Araucária",,,-25.5751189,-49.4385537,1
J.Paes Imóveis,"R. Hermínio Brunato, 312 - Estação, Araucária - PR, 83705-240",,,(41) 3642-3284,https://wa.me/554136423284,Imobiliária,"Tindiquera, Araucária",2,3.0,-25.5627712,-49.4010879,1
Felipe Imoveis Curitiba,"R. Marcos Bertoldi, 985 - Campo de Santana, Curitiba - PR, 81490-530",imobiliariafelipeimoveis.com.br,https://www.imobiliariafelipeimoveis.com.br,(41) 3349-0418,https://wa.me/554133490418,Imobiliária,"Tindiquera, Araucária",,,-25.5782854,-49.4743848,1
Maciel Corretor de Imóveis,"R. Arcésio de Barros Lima, 717 - Santa Rita, Curitiba - PR, 81020-490",macielcorretordeimoveis.com,https://www.macielcorretordeimoveis.com,(41) 99905-7426,https://wa.me/5541999057426,Imobiliária,"Tindiquera, Araucária",24,4.8,-25.5911344,-49.4114404,1
Miguel Rodacki,"R. Pref. Aleixo Grebos, 240 - 240 - Estação, Araucária - PR, 83704-590",,,(41) 99796-8069,https://wa.me/5541997968069,Imobiliária,"Tindiquera, Araucária",,,-25.5670045,-49.4620004,1
Knupp imóveis,"Rua Enette Dubard, 867 - Tatuquara, Curitiba - PR, 81470-075",knuppimoveis.com,https://www.knuppimoveis.com,(41) 99216-3704,https://wa.me/5541992163704,Imobiliária,"Tindiquera, Araucária",4,5.0,-25.5670045,-49.4620004,1
Imobiliária Nova Conquista,"R. Marcos Bertoldi, 395 - Sala 03 - Campo de Santana, Curitiba - PR, 81490-530",,,(41) 99603-8061,https://wa.me/5541996038061,Imobiliária,"Tindiquera, Araucária",17,5.0,-25.5571145,-49.4724952,1
Vitória Régia Imobiliária,"Rua Margarida de Andrade Weber, 601 - Sobreloja - Cidade Industrial de Curitiba, Curitiba - PR, 81460-297",imoveisvr.com.br,https://www.imoveisvr.com.br,(41) 3347-3796,https://wa.me/554133473796,Imobiliária,"Tindiquera, Araucária",,,-25.5571145,-49.4724952,1
MMR Imoveis - Araucária,"Praça Doutor Vicente Machado, 92 - Centro, ARAUCÁRIA - PR, 82702-035",,,,,Imobiliária,"Tindiquera, Araucária",,,-25.5435491,-49.4123217,1
MCE-Áreas Industriais,"R. Francisco Orlikoski - Thomaz Coelho, Araucária - PR, 80010-110",mceinvestimentos.com.br,https://www.mceinvestimentos.com.br,(41) 98807-2325,https://wa.me/5541988072325,Imobiliária,"Tindiquera, Araucária",,,-25.594474,-49.4796488,1
Rosana corretora,"Rua Jornalista Silvino Alves Batista, jardim da Ordem, 276 - Tatuquara, Curitiba - PR, 81470-190",,,(41) 99818-5153,https://wa.me/5541998185153,Imobiliária,"Tindiquera, Araucária",,,-25.5383605,-49.4213622,1
Ton Imóveis,,tonimoveis.com.br,https://www.tonimoveis.com.br,(41) 99808-9538,https://wa.me/5541998089538,Imobiliária,"Tindiquera, Araucária",,,-25.5383605,-49.4213622,1
.,,,,(41) 99187-8761,https://wa.me/5541991878761,Imobiliária,"Tindiquera, Araucária",,,-25.5647518,-49.5414163,1
Imobiliaria Pazini,"R. Antônio Zanon, 1564 - Tatuquara, Curitiba - PR, 81480-150",imobiliariapazini.com.br,https://www.imobiliariapazini.com.br,(41) 99263-5169,https://wa.me/5541992635169,Imobiliária,"Tindiquera, Araucária",4,2.0,-14.4095262,-51.3887778,1
Pazelar Imóveis,,,,(41) 99276-5256,https://wa.me/5541992765256,Imobiliária,"Tindiquera, Araucária",,,-25.5648078,-49.3994359,1
Eduardo Assessoria Imobiliária,,,,(41) 98745-9589,https://wa.me/5541987459589,Imobiliária,"Tindiquera, Araucária",,,-25.5320956,-49.4596386,1
Residencial Serena,"Av. Cézar Hasselmann, 633 - Boqueirão, Araucária - PR, 83704-365",eliowinter.com.br,https://www.eliowinter.com.br,(41) 3352-5200,https://wa.me/554133525200,Imobiliária,"Boqueirão, Araucária",,,-25.580362,-49.4184194,1
Residencial Villaggio San Marco,"R. Prof. João Chorosnicki, 185 - Boqueirão, Araucária - PR, 83704-308",villaggiosanmarco.com,https://www.villaggiosanmarco.com,,,Imobiliária,"Boqueirão, Araucária",9,4.0,-25.5731263,-49.430537,1
Condomínio Araucária Park,"Av. Independência, 1499 - Porto das Laranjeiras, Araucária - PR, 83704-295",,,(41) 99570-2794,https://wa.me/5541995702794,Imobiliária,"Boqueirão, Araucária",32,4.8,-25.5895766,-49.4178825,1
Imóveis Oliveiras,,imoveisoliveiras.com.br,https://www.imoveisoliveiras.com.br,(41) 99637-7006,https://wa.me/5541996377006,Imobiliária,"Boqueirão, Araucária",38,5.0,-25.5834395,-49.4161284,1
Condomínio Moradas do Passauna,"R. João Túlio, 507 - Passaúna, Araucária - PR, 83704-395",,,,,Imobiliária,"Boqueirão, Araucária",4,5.0,-25.5782854,-49.4203114,1
Marechal Imóveis,"Rua Tenente Francisco Ferreira de Souza, 3870 - Boqueirão, Curitiba - PR, 81670-010",marechalimoveis.com.br,https://www.marechalimoveis.com.br,(41) 2105-0405,https://wa.me/554121050405,Imobiliária,"Boqueirão, Araucária",1219,4.4,-25.5020934,-49.2567411,1
Samir Traya e Cia,"Av. Dr. Vítor do Amaral, 390 - Centro, Araucária - PR, 83702-040",canadaimoveis.net,https://www.canadaimoveis.net,(41) 3642-1541,https://wa.me/554136421541,Imobiliária,"Boqueirão, Araucária",3,5.0,-25.592221,-49.4222814,1
Pri Bejes Corretora de Imóveis,,pribejesimoveis.com.br,https://www.pribejesimoveis.com.br,(41) 99257-9334,https://wa.me/5541992579334,Imobiliária,"Boqueirão, Araucária",11,5.0,-25.5925825,-49.4257475,1
"Rosimar Especialista em vendas de Imóveis em Araucaria ,Curitiba e Região Metropolitana 🏠","R. Arthur Kicote, 71 - Estação, Araucária - PR, 83705-065",,,(41) 99983-9162,https://wa.me/5541999839162,Imobiliária,"Estação, Araucária",,,-25.5805584,-49.4015605,1
Paulo Machado & Associados - Assessoria Imobiliária CRECI F-33509,"R. Maj. Sezino Pereira de Souza, 615 - sala 02 - Centro, Araucária - PR, 83702-270",paulomachadoimoveis.com.br,https://www.paulomachadoimoveis.com.br,(41) 99918-1059,https://wa.me/5541999181059,Imobiliária,"Estação, Araucária",,,-25.588762,-49.4179948,1
Angelita Ançay Fontana Advocacia Imobiliária,"R. Fernando Suckow, 415 - Sala 1, 1° andar - Centro, Araucária - PR, 83702-200",innovalelegaldesign.com.br,https://www.innovalelegaldesign.com.br,(41) 99656-9282,https://wa.me/5541996569282,Imobiliária,"Estação, Araucária",,,-25.588762,-49.4179948,1
Rose Bueno Corretora,"R. Agrimensor Carlos Hasselman - Fazenda Velha, Araucária - PR, 83703-330",rosebuenocorretora.com.br,https://www.rosebuenocorretora.com.br,(41) 99578-9199,https://wa.me/5541995789199,Imobiliária,"Estação, Araucária",,,-25.6013204,-49.4074325,1
